ann_id,stock,name,time,title,label,note,batch
1224960577,300308,中际旭创,2026-01-31 23:59:59,2025年度业绩预告,bullish,,2_enriched
1224687467,300308,中际旭创,2025-09-26 22:12:10,关于控股股东减持股份的预披露公告,bearish,,2_enriched
1225157663,601127,赛力斯,2026-04-23 23:59:59,关于以集中竞价方式回购股份的回购报告书,neutral,,2_enriched
1225431444,300502,新易盛,2026-07-20 23:59:59,2026年半年度业绩预告,bullish,,2_enriched
1224938441,300476,胜宏科技,2026-01-16 18:58:12,2025年度业绩预告,bullish,,2_enriched
1225453853,600418,江淮汽车,2026-08-04 23:59:59,江淮汽车关于以集中竞价交易方式回购公司股份进展公告,neutral,,2_enriched
1225150259,600150,中国船舶,2026-04-23 23:59:59,中国船舶工业股份有限公司关于公司下属子公司签订重大合同的公告,bullish,,2_enriched
1225420234,601238,广汽集团,2026-07-11 23:59:59,广汽集团2026年半年度业绩预告,bearish,,2_enriched
1225572692,601238,广汽集团,2026-09-19 23:59:59,广汽集团关于筹划重大资产重组事项的停牌进展公告,neutral,,2_enriched
1224959389,688256,寒武纪,2026-01-31 23:59:59,2025年年度业绩预告,bullish,,2_enriched
1224960222,601238,广汽集团,2026-01-31 23:59:59,广汽集团2025年年度业绩预告公告,bearish,,2_enriched
1225522515,300476,胜宏科技,2026-08-28 23:59:59,2026年半年度报告,neutral,,2_enriched
1224960617,300502,新易盛,2026-01-30 20:42:11,2025年度业绩预告,bullish,,2_enriched
1225422588,601127,赛力斯,2026-07-14 23:59:59,关于控股股东增持计划的公告,bullish,,2_enriched
1224989057,300308,中际旭创,2026-02-28 23:59:59,2025年度业绩快报,neutral,,2_enriched
1225052606,600150,中国船舶,2026-03-31 23:59:59,中国船舶工业股份有限公司关于公司下属子公司签订重大合同的公告,bullish,,2_enriched
1225340998,300308,中际旭创,2026-06-01 23:59:59,中际旭创关于网络传闻的澄清公告,neutral,,2_enriched
1225491753,300308,中际旭创,2026-08-22 23:59:59,2026年半年度报告,bullish,,2_enriched
1224960267,002074,国轩高科,2026-01-31 23:59:59,2025年度业绩预告,neutral,,2_enriched
1225424302,002074,国轩高科,2026-07-15 23:59:59,2026年半年度业绩预告,bullish,,2_enriched
1225420864,600150,中国船舶,2026-07-14 23:59:59,中国船舶工业股份有限公司2026年半年度业绩预增公告,bullish,,2_enriched
1225534994,600150,中国船舶,2026-08-31 23:59:59,中国船舶工业股份有限公司2026年半年度报告,neutral,,2_enriched
1225052986,601127,赛力斯,2026-03-31 23:59:59,关于以集中竞价交易方式回购股份的预案,bullish,,2_enriched
1224953921,601138,工业富联,2026-01-29 23:59:59,富士康工业互联网股份有限公司2025年度业绩预增公告,bullish,,2_enriched
1225172628,300502,新易盛,2026-04-24 23:59:59,关于2025年年度报告披露的提示性公告,neutral,,2_enriched
1225482984,601127,赛力斯,2026-08-20 23:59:59,2026年半年度报告,bearish,,2_enriched
1225417297,601138,工业富联,2026-07-10 23:59:59,富士康工业互联网股份有限公司2026年半年度业绩预增公告,bullish,,2_enriched
1225423813,601127,赛力斯,2026-07-15 23:59:59,关于公司董事、高级管理人及骨干团队增持A股及H股股份计划公告,bullish,,2_enriched
1225010465,601238,广汽集团,2026-03-16 23:59:59,广汽集团关于上海证券交易所对公司业绩预告相关事项监管工作函的回复公告,bearish,,2_enriched
1224956973,600150,中国船舶,2026-01-30 23:59:59,中国船舶工业股份有限公司2025年年度业绩预增公告,bullish,,2_enriched
