ann_id,stock,name,time,title,text_excerpt,company_context,label,note
1225482317,601138,工业富联,2026-08-20 23:59:59,富士康工业互联网股份有限公司关于以集中竞价交易方式首次回购股份的公告,"证券代码：601138 证券简称：工业富联 公告编号：2026-043
富士康工业互联网股份有限公司
关于以集中竞价交易方式首次回购股份的公告
本公司董事会及全体董事保证本公告内容不存在任何虚假记载、误导性陈述
或者重大遗漏，并对其内容的真实性、准确性和完整性承担法律责任。
重要内容提示：
回购方案首次披露日 2026/7/28，由董事会提议
回购方案实施期限 2026 年 7 月 27 日~2026 年 10 月 26 日
预计回购金额 100,000万元~200,000万元
回购用途
□减少注册资本
□用于员工持股计划或股权激励
□用于转换公司可转债
√为维护公司价值及股东权益
累计已回购股数 241.44万股
累计已回购股数占总股本比例 0.01%
累计已回购金额 14,909.99万元
实际回购价格区间 61.35元/股~61.97元/股
一、 回购股份的基本情况
富士康工业互联网股份有限公司（以下简称“公司”）于 2026 年 7 月 27 日召
开第四届董事会第二次会议，审议通过了《关于以集中竞价交易方式回购公司股
份的议案》。公司拟使用自有资金不低于人民币 10 亿元（含）且不超过人民币 20
亿元（含），以集中竞价交易方式进行股份回购，回购股份的价格不超过人民币 103
元/股，本次回购股份的目的系维护公司价值及股东权益，所回购股份将按照有关
规定用于出售，逾期未实施出售的部分将依法予以注销。回购股份实施期限自公
司董事会审议通过回购股份方案之日起不超过 3 个月。具体内容详见公司于 2026
年 7 月 28 日在上海证券交易所网站（www.sse.com.cn）及指定媒体披露的《富士
康工业互联网股份有限公司关于以集中竞价交易方式回购股份的回购报告书》（公
告编号：2026-036）。二、 回购股份的进展情况
根据《上市公司股份回购规则》《上海证券交易所","
公司历史资料（仅限本公告发布之前）：
【最近一期定期报告：富士康工业互联网股份有限公司2026年半年度报告（2026-08-12）主要财务数据】
主要会计数据和财务指标
(一) 主要会计数据
单位：千元 币种：人民币富士康工业互联网股份有限公司2026 年半年度报告
6 / 221
主要会计数据 本报告期
（1－6月） 上年同期 本报告期比上
年同期增减(%)
营业收入 557,860,645 360,759,653 54.63
利润总额 27,816,953 14,023,018 98.37
归属于上市公司股东的净利润 23,740,458 12,113,357 95.99
归属于上市公司股东的扣除非经常
性损益的净利润 22,984,123 11,667,840 96.99
经营活动产生的现金流量净额 7,391,463 1,407,028 425.32
本报告期末 上年度末
本报告期末比
上年度末增减
(%)
归属于上市公司股东的净资产 175,753,237 166,778,112 5.38
总资产 512,750,185 456,223,822 12.39
(二) 主要财务指标
主要财务指标 本报告期
（1－6月） 上年同期 本报告期比上
年同期增减(%)
基本每股收益（元／股） 1.20 0.61 96.72
稀释每股收益（元／股） 1.20 0.61 96.72
扣除非经常性损益后的基本每股收
益（元／股） 1.16 0.59 96.61
加权平均净资产收益率（%） 13.36 7.64 增加5.72个百
分点
扣除非经常性损益后的加权平均净
资产收益率（%） 12.94 7.36 增加5.58个百
分点
公司主要会计数据和财务指标的说明
√适用 □不适用
1、营业收入变动原因说明：主要系受益于AI 算力需求持续爆发，公司在主要客户的市场份额稳
步提升，以及云服务商业务表现优异，推动整体营业收入增长。
2、利润总额、归属于上市公司股东的净利润、归属于上市公司股东的扣除非经常性损益的净利
润、基本每股收益、稀释每股收益、扣除非经常性损益后的基本每股收益变动原因说明：主要
系受益于AI 算力需求持续爆发，公司主营业务经营效益实现稳步提升。
3、经营活动产生的现金流量净额变动原因说明：主要系销售回款增加。
八、 境内外会计准则下会计数据差异
□适用 √不适用
九、 非经常性损益项目和金额
√适用 □不适用
单位：千元 币种：人民币
非经常性损益项目 金额 附注（如适用）
非流动性资产处置损益，包括已计提资产减
值准备的冲销部分 81,446
计入当期损益的政府补助，但与公司正常经 206,336富士康工业互联网股份有限公司2026 年半年度报告
7 / 221
非经常性损益项目 金额 附注（如适用）
营业务密切相关、符合国家政策规定、按照
确定的标",,
1225363982,300502,新易盛,2026-06-11 23:59:59,关于继续开展外汇套期保值业务的公告,"证券代码： 300502 证券简称： 新易盛 公告编号： 2026-031
成都新易盛通信技术股份有限公司
关于继续开展外汇套期保值业务的公告
重要内容提示：
1、交易目的：随着公司国际经营地更加多元，日常经营活动使用的币种增
多，受国际政治、经济不确定因素影响，外汇市场波动较为频繁，为有效减少汇
率波动等外汇市场风险，预防汇率大幅波动对公司造成的不良影响，公司及子公
司拟与银行等金融机构继续开展外汇套期保值业务，提高公司应对外汇波动风险
的能力。
2、交易品种：公司及合并报表范围内的子公司拟开展的外汇套期保值业务
包括但不限于外汇远期交易、外汇掉期交易、货币掉期交易、外汇期权交易、货
币利率互换及其他外汇衍生产品等业务。
3、交易金额及期限：公司及合并报表范围内的子公司预计任一交易日持有
外汇套期保值最高合约价值不超过人民币100亿元或等值外币，期限自公司股东
会审议通过之日起12个月内有效。上述额度在授权期限内可以循环使用。如单笔
交易的存续期超过了授权期限，则授权期限自动顺延至该笔交易终止时止。
4、已履行的审议程序：公司2026年6月10日召开第五届董事会第十四次会议
审议通过了《关于继续开展外汇套期保值业务的议案》，该事项尚需提交股东会
审议。
5、风险提示：公司进行外汇套期保值业务遵循合法、谨慎的原则，以规避
和防范汇率风险为目的。但是进行外汇套期保值业务也会存在一定的汇率、利率
波动风险、内部控制风险、交易违约风险以及客户违约风险。敬请投资者注意投
资风险。
本公司及董事会全体成员保证信息披露的内容真实、准确、完整，没有
虚假记载、误导性陈述或重大遗漏。成都新易盛通信技术股份有限公司（以下简称“公司”或“新易盛”）于2026 年
6月10日召开第五届董事会第十四次会议，会议审议通过了《关于继续开展外汇
套期保值业务的议案》，同意公司及合并报表范围内的子公司预计","
公司历史资料（仅限本公告发布之前）：
【最近一期定期报告：关于2025年年度报告披露的提示性公告（2026-04-24）主要财务数据】
证券代码： 300502 证券简称： 新易盛 公告编号： 2026-010
成都新易盛通信技术股份有限公司
关于 2025 年年度报告披露的提示性公告
本公司及董事会全体成员保证信息披露的内容真实、准确、完整，没有虚假
记载、误导性陈述或重大遗漏。
2026 年 4 月 23 日，成都新易盛通信技术股份有限公司（以下简称“公司”）
召开了第五届董事会第十三次会议，审议通过了公司《2025 年年度报告》全文
及其摘要的相关议案。
为使投资者全面了解公司 2025 年度经营情况、财务状况及未来发展规划，
公司《2025 年年度报告》、《2025 年年度报告摘要》于 2026 年 4 月 24 日在中国
证监会指定的创业板信息披露网站巨潮资讯网（http://www.cninfo.com.cn）披
露，敬请投资者注意查阅。
特此公告。
成都新易盛通信技术股份有限公司
董事会
2026 年 4 月 23 日

【历史公告 2026-04-24：关于2024年限制性股票激励计划首次授予第二期归属条件成就的公告】
证券代码： 300502 证券简称： 新易盛 公告编号： 2026-016
成都新易盛通信技术股份有限公司
关于 2024 年限制性股票激励计划首次授予第二期
归属条件成就的公告
重要内容提示：
1、本次符合归属条件的激励对象人数：145 人。
2、本次第二类限制性股票拟归属数量：188.832 万股，占目前公司股本总额
的 0.19%。
3、第二类限制性股票归属价格：16.168 元/股。
4、归属股票来源：公司向激励对象定向增发的本公司 A股普通股股票。
5、本次归属的限制性股票待相关手续办理完成后，公司将发布相关上市流
通的公告，敬请投资者关注。
成都新易盛通信技术股份有限公司（以下简称“公司”）于 2026 年 4 月 23
日召开第五届董事会第十三次会议，审议通过了《关于 2024 年限制性股票激励
计划首次授予第二期归属条件成就的议案》，本次符合归属条件的激励对象共
145 人

【历史公告 2026-04-24：关于2025年度利润分配及资本公积转增股本预案的公告】
证券代码： 300502 证券简称： 新易盛 公告编号： 2026-013
成都新易盛通信技术股份有限公司
关于 2025 年度利润分配及资本公积转增股本预案的公告
本公司及董事会全体成员保证信息披露的内容真实、准确、完整，没有虚假
记载、误导性陈述或重大遗漏。
一、审议程序
成都新易盛通信技术股份有限公司（以下简称“公司”）于 2026 年 4 月 23
日召开第五届董事会第十三次会议，审议通过了《关于 2025 年度利润分配及资
本公积转增股本",,
1225499413,300502,新易盛,2026-08-25 23:59:59,关于调整2024年限制性股票激励计划首次及预留授予限制性股票授予价格及权益数量的公告,"证券代码：300502 证券简称：新易盛 公告编号：2026-048
成都新易盛通信技术股份有限公司
关于调整 2024 年限制性股票激励计划首次及预留授予
限制性股票授予价格及权益数量的公告
成都新易盛通信技术股份有限公司（以下简称“公司”）于 2026 年 8 月 24
日召开第五届董事会第十六次会议，审议通过了《关于调整 2024 年限制性股票
激励计划首次及预留授予限制性股票授予价格及权益数量的议案》，现将相关调
整内容公告如下：
一、股权激励计划已履行的相关审批程序
1、2024 年 1 月 3 日，公司召开第四届董事会第十六次会议，审议通过了《关
于公司<2024 年限制性股票激励计划(草案)>及其摘要的议案》《关于公司<2024
年限制性股票激励计划实施考核管理办法>的议案》《关于提请股东大会授权董
事会办理股权激励相关事宜的议案》等议案。同日，公司召开第四届监事会第十
六次会议，审议通过了《关于公司<2024 年限制性股票激励计划(草案)>及其摘
要的议案》《关于公司<2024 年限制性股票激励计划实施考核管理办法>的议案》
以及《关于公司<2024 年限制性股票激励计划首次授予激励对象名单>的议案》
等议案，公司监事会对本激励计划的相关事项进行核实并出具了相关核查意见。
2、2024 年 1 月 4 日至 2024 年 1 月 14 日，公司对本激励计划拟激励对象的
姓名和职务通过公司内网共享平台进行了公示。在公示期内，公司监事会未收到
与本激励计划拟激励对象有关的任何异议。2024 年 1 月 15 日，公司监事会披露
了《监事会关于 2024 年限制性股票激励计划首次授予激励对象名单的公示情况
说明及核查意见》。
3、2024 年 1 月 19 日，公司召开 2024 年第一次临时股东大会，审议并通过
本公司及董事会全体成员保证信息披露内容的真实、准确","
公司历史资料（仅限本公告发布之前）：
【最近一期定期报告：关于2025年年度报告披露的提示性公告（2026-04-24）主要财务数据】
证券代码： 300502 证券简称： 新易盛 公告编号： 2026-010
成都新易盛通信技术股份有限公司
关于 2025 年年度报告披露的提示性公告
本公司及董事会全体成员保证信息披露的内容真实、准确、完整，没有虚假
记载、误导性陈述或重大遗漏。
2026 年 4 月 23 日，成都新易盛通信技术股份有限公司（以下简称“公司”）
召开了第五届董事会第十三次会议，审议通过了公司《2025 年年度报告》全文
及其摘要的相关议案。
为使投资者全面了解公司 2025 年度经营情况、财务状况及未来发展规划，
公司《2025 年年度报告》、《2025 年年度报告摘要》于 2026 年 4 月 24 日在中国
证监会指定的创业板信息披露网站巨潮资讯网（http://www.cninfo.com.cn）披
露，敬请投资者注意查阅。
特此公告。
成都新易盛通信技术股份有限公司
董事会
2026 年 4 月 23 日

【历史公告 2026-04-24：关于作废部分限制性股票的公告】
证券代码：300502 证券简称：新易盛 公告编号：2026-021
成都新易盛通信技术股份有限公司
关于作废部分限制性股票的公告
本公司及董事会全体成员保证信息披露的内容真实、准确、完整，没有虚假
记载、误导性陈述或重大遗漏。
根据成都新易盛通信技术股份有限公司（以下简称“公司”或“新易盛”）
于 2026 年 4 月 23 日召开第五届董事会第十三次会议，审议通过了《关于作废部
分限制性股票的议案》，现将相关内容公告如下：
一、股权激励计划简述及已履行的相关审批程序
1、2024 年 1 月 3 日，公司召开第四届董事会第十六次会议，审议通过了《关
于公司<2024 年限制性股票激励计划(草案)>及其摘要的议案》《关于公司<2024
年限制性股票激励计划实施考核管理办法>的议案》《关于提请股东大会授权董
事会办理股权激励相关事宜的议案》等议案。同日，公司召开第四届监事会第十
六次会议，

【历史公告 2026-05-19：关于2024年限制性股票激励计划首次授予第二期归属结果暨股份上市的公告】
证券代码：300502 证券简称：新易盛 公告编号：2026-024
成都新易盛通信技术股份有限公司
关于 2024 年限制性股票激励计划首次授予第二期
归属结果暨股份上市的公告
重要内容提示：
1.本次归属日：2026 年 5 月 22 日
2.本次归属股票数量：1,888,320
3.本次归属股票人数：145
4.本次归属的限制性股票不设限售期，股票上市后即可流通
一、股权激励计划实施情况概要
成都新易盛通信技术股份有限公司（以下简称“公司”）于 2026 年 ",,
1224648476,300308,中际旭创,2025-09-10 23:59:59,关于实际控制人部分股票进行质押交易的公告,"证券代码：300308 证券简称：中际旭创 公告编号：2025-087
中际旭创股份有限公司
关于实际控制人部分股票进行质押交易的公告
中际旭创股份有限公司（以下简称“公司”或“中际旭创”）于近日接到实际控
制人王伟修先生的通知，王伟修将其持有的部分股票与广发证券股份有限公司（以下
简称“广发证券”）办理了股票质押交易业务，现将有关情况公告如下：
一、股东部分股票质押交易的基本情况
单位：股
股东
名称
是否为第
一大股东
及一致行
动人
质押股数
是否
为限
售股
是否
补充
质押
质押开
始日期
质押
到期日 质权人
占其所
持股份
比例
占总股
本比例
用
途
王伟修 是 1,350,000 否 否 2025.09.08 2026.09.08 广发证券 1.94% 0.12% 偿还
债务
二、股东股份累计质押情况
截至 2025 年 9 月 8 日，王伟修及其一致行动人持有的股份累计质押情况如下：
单位：股
股东名称
持股情况 质押情况 已质押股份情况 未质押股份情况
持股数量 持股
比例
累计质
押数量
占其所
持股份
比例
占总股
本比例
限售和冻
结数量
占已质押
股份比例
限售和冻
结数量
占未质押
股份比例
中际控股 126,940,135 11.42% 4,600,000 3.62% 0.41% - - - -
王伟修 69,731,451 6.28% 1,350,000 1.94% 0.12% - - - -
王晓东 2,442,657 0.22% - - - - - 2,157,156 88.31%
合 计 199,114,243 17.92% 5,950,000 2.99% 0.54% - - 2,157,156 1.12%
本公司及董事会全体成员保证信息披露内容的真实、准确和完整，
没有虚假记载、误导性陈述或重大遗漏。注：1、本次质押股份不存在负担",,,
1225351859,300502,新易盛,2026-06-04 17:52:29,2025年年度分红派息、转增股本实施公告,"证券代码： 300502 证券简称： 新易盛 公告编号： 2026-025
成都新易盛通信技术股份有限公司
2025 年年度分红派息、转增股本实施公告
成都新易盛通信技术股份有限公司（以下简称“公司”）2025 年度利润分
配及资本公积金转增股本方案已获 2026 年 5 月 15 日召开的 2025 年度股东会审
议通过，现将权益分派事宜公告如下：
一、股东会审议通过利润分配及资本公积金转增股本方案等情况
1.公司 2025 年度股东会审议通过《关于 2025 年度利润分配及资本公积转增
股本预案的议案》，以截至 2025 年 12 月 31 日公司总股本 994,009,312 股为基
数，向全体股东每 10 股派发现金股利人民币 10 元（含税），共分配现金股利
994,009,312.00 元,同时以资本公积金向全体股东每 10 股转增 4 股，合计转增
股本 397,603,724 股，转增后总股本为 1,391,613,036 股。如在本次预案披露至
实施利润分配方案前的股权登记日期间，公司总股本由于股份回购、股权激励行
权或归属、可转债转股、再融资新增股份上市等原因而发生变化的，公司将按“每
股分配比例不变”和“每股转增比例不变”的原则对利润分配及转增股本的总额
进行调整。
2.自分配方案披露至实施期间，因公司 2024 年限制性股票激励计划首次授
予 第 二 期 股 份 完 成 归 属 及 上 市 ， 公 司 股 本 总 额 由 994,009,312 股 增 加 至
995,897,632 股。根据“每股分配比例不变”和“每股转增比例不变”的原则，
公司将权益分派方案调整为：以公司总股本 995,897,632 股为基数，向全体股东
每 10 股派发现金股利人民币 10 元（含税），共分配现金股利 995,897,632.00
元,同时以资本公积金向全体股","
公司历史资料（仅限本公告发布之前）：
【最近一期定期报告：关于2025年年度报告披露的提示性公告（2026-04-24）主要财务数据】
证券代码： 300502 证券简称： 新易盛 公告编号： 2026-010
成都新易盛通信技术股份有限公司
关于 2025 年年度报告披露的提示性公告
本公司及董事会全体成员保证信息披露的内容真实、准确、完整，没有虚假
记载、误导性陈述或重大遗漏。
2026 年 4 月 23 日，成都新易盛通信技术股份有限公司（以下简称“公司”）
召开了第五届董事会第十三次会议，审议通过了公司《2025 年年度报告》全文
及其摘要的相关议案。
为使投资者全面了解公司 2025 年度经营情况、财务状况及未来发展规划，
公司《2025 年年度报告》、《2025 年年度报告摘要》于 2026 年 4 月 24 日在中国
证监会指定的创业板信息披露网站巨潮资讯网（http://www.cninfo.com.cn）披
露，敬请投资者注意查阅。
特此公告。
成都新易盛通信技术股份有限公司
董事会
2026 年 4 月 23 日

【历史公告 2026-04-24：关于2025年度利润分配及资本公积转增股本预案的公告】
证券代码： 300502 证券简称： 新易盛 公告编号： 2026-013
成都新易盛通信技术股份有限公司
关于 2025 年度利润分配及资本公积转增股本预案的公告
本公司及董事会全体成员保证信息披露的内容真实、准确、完整，没有虚假
记载、误导性陈述或重大遗漏。
一、审议程序
成都新易盛通信技术股份有限公司（以下简称“公司”）于 2026 年 4 月 23
日召开第五届董事会第十三次会议，审议通过了《关于 2025 年度利润分配及资
本公积转增股本预案的议案》，该议案尚需提交公司 2025 年度股东会审议。具
体情况如下：
二、利润分配和资本公积金转增股本预案的基本情况
（一）本次预案的基本情况
1.分配基准：2025 年度。
2.经天健会计师事务所（特殊普通合伙）审计，公司 2025 年合并报表期末
的未分配利润为 14,595,828,332.27 元，2025 年度合并报表实现归属于

【历史公告 2026-05-19：关于2024年限制性股票激励计划首次授予第二期归属结果暨股份上市的公告】
证券代码：300502 证券简称：新易盛 公告编号：2026-024
成都新易盛通信技术股份有限公司
关于 2024 年限制性股票激励计划首次授予第二期
归属结果暨股份上市的公告
重要内容提示：
1.本次归属日：2026 年 5 月 22 日
2.本次归属股票数量：1,888,320
3.本次归属股票人数：145
4.本次归属的限制性股票不设限售期，股票上市后即可流通
一、股权激励计划实施情况概要
成都新易盛通信技术股份有限公司（以下简称“公",,
1225416901,300502,新易盛,2026-07-09 17:22:27,关于完成工商登记变更并换发营业执照的公告,"证券代码： 300502 证券简称： 新易盛 公告编号： 2026-038
成都新易盛通信技术股份有限公司
关于完成工商登记变更并换发营业执照的公告
成都新易盛通信技术股份有限公司（以下简称“公司”）于 2026 年 6 月 10
日召开的第五届董事会第十四次会议、2026 年 6 月 26 日召开的 2026 年第二次
临时股东会，审议通过了《关于变更公司注册资本并修订<公司章程>的议案》，
具体内容详见公司于 2026 年 6 月 11 日、 2026 年 6 月 26 日在巨潮资讯网
（www.cninfo.com.cn）上披露的相关公告。
公司已于近日完成了相关工商登记变更手续，并取得了成都市市场监督管理
局换发的《营业执照》，相关登记信息如下：
统一社会信用代码：91510100674300237M
名称：成都新易盛通信技术股份有限公司
类型：股份有限公司（外商投资、上市）
住所：中国(四川)自由贸易试验区成都市双流区黄甲街道物联大道 510 号
法定代表人：高光荣
注册资本：139425.6684 万人民币
成立日期：2008 年 4 月 15 日
经营范围：一般项目：光通信设备制造；光通信设备销售；电子元器件制造；
电子元器件批发；电子元器件零售；通讯设备销售；机械设备研发；电子产品销
售；专用设备制造（不含许可类专业设备制造）；技术进出口；货物进出口；技
术服务、技术开发、技术咨询、技术交流、技术转让、技术推广。（除依法须经
批准的项目外，凭营业执照依法自主开展经营活动）（涉及国家规定实施准入特
别管理措施的除外）
特此公告。
成都新易盛通信技术股份有限公司
本公司及董事会全体成员保证信息披露的内容真实、准确、完整，没有
虚假记载、误导性陈述或重大遗漏。董事会
2026 年 7月 9 日","
公司历史资料（仅限本公告发布之前）：
【最近一期定期报告：关于2025年年度报告披露的提示性公告（2026-04-24）主要财务数据】
证券代码： 300502 证券简称： 新易盛 公告编号： 2026-010
成都新易盛通信技术股份有限公司
关于 2025 年年度报告披露的提示性公告
本公司及董事会全体成员保证信息披露的内容真实、准确、完整，没有虚假
记载、误导性陈述或重大遗漏。
2026 年 4 月 23 日，成都新易盛通信技术股份有限公司（以下简称“公司”）
召开了第五届董事会第十三次会议，审议通过了公司《2025 年年度报告》全文
及其摘要的相关议案。
为使投资者全面了解公司 2025 年度经营情况、财务状况及未来发展规划，
公司《2025 年年度报告》、《2025 年年度报告摘要》于 2026 年 4 月 24 日在中国
证监会指定的创业板信息披露网站巨潮资讯网（http://www.cninfo.com.cn）披
露，敬请投资者注意查阅。
特此公告。
成都新易盛通信技术股份有限公司
董事会
2026 年 4 月 23 日

【历史公告 2026-04-30：关于完成工商登记变更并换发营业执照的公告】
证券代码： 300502 证券简称： 新易盛 公告编号： 2026-022
成都新易盛通信技术股份有限公司
关于完成工商登记变更并换发营业执照的公告
成都新易盛通信技术股份有限公司（以下简称“公司”）于 2026 年 3 月 27
日召开的第五届董事会第十二次会议、2026 年 4 月 13 日召开的 2026 年第一次
临时股东会，审议通过了《关于调整董事会人数、变更公司注册资本、经营范围
暨修改<公司章程>的的议案》，具体内容详见公司于 2026 年 3 月 28 日、2026
年 4 月 13 日在巨潮资讯网（www.cninfo.com.cn）上披露的相关公告。
公司已于近日完成了相关工商登记变更手续，并取得了成都市市场监督管理
局换发的《营业执照》，相关登记信息如下：
统一社会信用代码：91510100674300237M
名称：成都新易盛通信技术股份有限公司
类型：股份有限公司

【历史公告 2025-10-30：关于2025年第三季度报告披露的提示性公告】
证券代码： 300502 证券简称： 新易盛 公告编号： 2025-055
成都新易盛通信技术股份有限公司
关于 2025 年第三季度报告披露的提示性公告
本公司及董事会全体成员保证信息披露的内容真实、准确、完整，没有虚假
记载、误导性陈述或重大遗漏。
2025 年 10 月 29 日，成都新易盛通信技术股份有限公司（以下简称“公司”）
召开了第五届董事会第十一次会议，审议通过了《关于公司 2025 年第三季度报
告的议案》。
为使投资者全面了解公司的经营成果、财务状况及未来发展规",,
1225363959,300502,新易盛,2026-06-11 23:59:59,关于更换公司董事的公告,"证券代码： 300502 证券简称： 新易盛 公告编号： 2026-029
成都新易盛通信技术股份有限公司
关于更换公司董事的公告
本公司及董事会全体成员保证信息披露的内容真实、准确、完整，没有虚
假记载、误导性陈述或重大遗漏。
成都新易盛通信技术股份有限公司（以下简称“公司”）于 2026 年 6 月 10
日召开了第五届董事会第十四次会议，审议通过了《关于更换公司董事的议案》，
现将具体内容公告如下：
一、公司董事辞任情况
公司于近日收到董事李天蜀先生提交的书面辞职报告，李天蜀先生因工作安
排，申请辞去公司第五届董事会董事职务，辞职后不再担任公司其他职务。根据
《中华人民共和国公司法》《公司章程》（以下简称“《公司章程》”）的有关规定，
李天蜀先生的辞任不会导致公司董事会成员低于法定最低人数，因此李天蜀先生
的辞职报告自送达公司之日生效。截至本公告披露日，李天蜀先生未持有公司股
票，不存在应当履行而未履行的承诺事项。李天蜀先生在任职期间恪尽职守、勤
勉尽责，公司董事会对其在任职期间为公司发展所做出的贡献表示衷心的感谢！
二、更换公司董事情况
根据《公司章程》规定，公司董事会由 8 名董事组成。为满足《公司章程》
的有关规定，经董事会提名委员会提名，同意提名林小凤女士为公司第五届董事
会非独立董事候选人，任期自公司股东会审议通过之日起至第五届董事会届满时
止。上述董事候选人简历详见附件。上述议案尚需提交公司 2026 年第二次临时
股东会审议。
三、其他情况说明本次董事更换后，公司董事会中兼任公司高级管理人员以及由职工代表担任
的董事人数总计不超过公司董事总数的二分之一。上述董事候选人的任职资格符
合相关法律、行政法规、规范性文件对董事任职资格的要求，不存在《中华人民
共和国公司法》《公司章程》等规定的不得担任公司董事的情形，不存在被中国
证监会采取证券市场禁入措施期限未","
公司历史资料（仅限本公告发布之前）：
【最近一期定期报告：关于2025年年度报告披露的提示性公告（2026-04-24）主要财务数据】
证券代码： 300502 证券简称： 新易盛 公告编号： 2026-010
成都新易盛通信技术股份有限公司
关于 2025 年年度报告披露的提示性公告
本公司及董事会全体成员保证信息披露的内容真实、准确、完整，没有虚假
记载、误导性陈述或重大遗漏。
2026 年 4 月 23 日，成都新易盛通信技术股份有限公司（以下简称“公司”）
召开了第五届董事会第十三次会议，审议通过了公司《2025 年年度报告》全文
及其摘要的相关议案。
为使投资者全面了解公司 2025 年度经营情况、财务状况及未来发展规划，
公司《2025 年年度报告》、《2025 年年度报告摘要》于 2026 年 4 月 24 日在中国
证监会指定的创业板信息披露网站巨潮资讯网（http://www.cninfo.com.cn）披
露，敬请投资者注意查阅。
特此公告。
成都新易盛通信技术股份有限公司
董事会
2026 年 4 月 23 日

【历史公告 2026-04-24：关于作废部分限制性股票的公告】
证券代码：300502 证券简称：新易盛 公告编号：2026-021
成都新易盛通信技术股份有限公司
关于作废部分限制性股票的公告
本公司及董事会全体成员保证信息披露的内容真实、准确、完整，没有虚假
记载、误导性陈述或重大遗漏。
根据成都新易盛通信技术股份有限公司（以下简称“公司”或“新易盛”）
于 2026 年 4 月 23 日召开第五届董事会第十三次会议，审议通过了《关于作废部
分限制性股票的议案》，现将相关内容公告如下：
一、股权激励计划简述及已履行的相关审批程序
1、2024 年 1 月 3 日，公司召开第四届董事会第十六次会议，审议通过了《关
于公司<2024 年限制性股票激励计划(草案)>及其摘要的议案》《关于公司<2024
年限制性股票激励计划实施考核管理办法>的议案》《关于提请股东大会授权董
事会办理股权激励相关事宜的议案》等议案。同日，公司召开第四届监事会第十
六次会议，

【历史公告 2026-04-24：关于确认董事、高级管理人员2025年度薪酬及2026年度薪酬方案的公告】
证券代码： 300502 证券简称： 新易盛 公告编号： 2026-019
成都新易盛通信技术股份有限公司
关于确认董事、高级管理人员 2025 年度薪酬及 2026 年度薪酬方案的
公告
本公司及董事会全体成员保证信息披露的内容真实、准确、完整，没有虚
假记载、误导性陈述或重大遗漏。
成都新易盛通信技术股份有限公司（以下简称“公司”）于2026年4月23日召
开第五届董事会第十三次会议，审议通过了《关于确认公司董事2025年度薪酬及
2026年度薪酬方案的议案》《",,
1225347122,601127,赛力斯,2026-06-03 23:59:59,H股公告（董事名单及其角色与职能）,"1
Seres Group Co., Ltd.
ʮ̡
ʮ̡
΅˾໮j9927
໨ԫΤఊʿՉԉЍၾᔖঐ
ʮ̡  ͉ʮ̡ ໨ ԫ ໨ԫ ึ ໨ԫึ༱ΐν
ɨj
ੂБ໨ԫ
ੵጳऎ΋͛
΋͛
΋͛
ɾɻ
ੂБ໨ԫ
ੵдԞ΋͛
ཻ΋͛
΋͛
ੂБ໨ԫ
ҽක਷΋͛
΋͛
ᅃ΋͛
΋͛
΋͛2
༉ઋj
ึ ᑚཇၾϽ
ึ ኷ଫӔഄ
ึ ESGึ
ੵጳऎ΋͛ C
΋͛ C
΋͛ M
ɾɻ M M M
ੵдԞ΋͛ M
ཻ΋͛
΋͛ M
ҽක਷΋͛ C M M
΋͛ M M M
ᅃ΋͛ C
΋͛ C
΋͛ M
ൗj
C ࢩ
M ࡰ
ಥd2026 ϋ6˜2˚","
公司历史资料（仅限本公告发布之前）：
【最近一期定期报告：2026年第一季度报告（2026-04-30）主要财务数据】
主要财务数据
(一)主要会计数据和财务指标
单位：元 币种：人民币
项目 本报告期 上年同期
本报告期比上
年同期增减变
动幅度(%)
营业收入 25,745,711,786.75 19,147,080,403.63 34.46
利润总额 848,859,149.04 891,770,580.14 -4.81
归属于上市公司股东的净
利润
754,464,672.82 747,793,485.81 0.89
归属于上市公司股东的扣
除非经常性损益的净利润
102,900,401.65 393,854,971.81 -73.87
经营活动产生的现金流量
净额
-20,950,295,141.48 -7,630,293,915.39 不适用
基本每股收益（元/股） 0.43 0.50 -14.00赛力斯集团股份有限公司 2026年第一季度报告
2 / 11
稀释每股收益（元/股） 0.43 0.50 -14.00
加权平均净资产收益率
（%）
1.83 5.90
减少 4.07 个百
分点
本报告期末 上年度末
本报告期末比
上年度末增减
变动幅度(%)
总资产 123,747,865,038.34 143,905,863,420.75 -14.01
归属于上市公司股东的所
有者权益
41,310,177,392.59 40,918,132,577.88 0.96
(二)非经常性损益项目和金额
√适用 □不适用
单位:元 币种:人民币
非经常性损益项目 本期金额 说明
非流动性资产处置损益，包括已计提资产减值准备的冲销部
分 -1,014,345.93
计入当期损益的政府补助，但与公司正常经营业务密切相
关、符合国家政策规定、按照确定的标准享有、对公司损益
产生持续影响的政府补助除外
627,595,707.91
除同公司正常经营业务相关的有效套期保值业务外，非金融
企业持有金融资产和金融负债产生的公允价值变动损益以及
处置金融资产和金融负债产生的损益
22,342,998.05
债务重组损益 410,772.38
除上述各项之外的其他营业外收入和支出 43,291,121.49
其他符合非经常性损益定义的损益项目 8,030,686.40
减：所得税影响额 9,320,741.58
少数股东权益影响额（税后） 39,771,927.55
合计 651,564,271.17
对公司将《公开发行证券的公司信息披露解释性公告第 1号——非经常性损益》未列举的项目认
定为非经常性损益项目且金额重大的，以及将《公开发行证券的公司信息披露解释性公告第 1 号
——非经常性损益》中列举的非经常性损益项目界定为经常性损益的项目，应说明原因。
□适用 √不适",,
1224719589,601238,广汽集团,2025-10-18 23:59:59,广汽集团关于子公司为其参股公司提供委托贷款的进展公告,"A 股代码：601238 A 股简称：广汽集团 公告编号：2025-069
H 股代码：02238 H 股简称：广汽集团
广州汽车集团股份有限公司
关于子公司为其参股公司提供委托贷款的进展公告
本公司董事会及全体董事保证本公告内容不存在任何虚假记载、误导性陈述或者重
大遗漏，并对其内容的真实性、准确性和完整性承担法律责任。
一、委托贷款情况概述
广州汽车集团股份有限公司（简称“本公司”或“公司”）分别于 2022 年 9
月23日及2022年10月14日召开第六届董事会第23次会议和2022年第二次临
时股东大会，审议同意全资子公司广汽零部件有限公司（简称“广汽部件”）按
49%的持股比例向其参股公司长沙麦格纳汽车外饰有限公司（简称“长沙麦格纳”
或“参股企业”）提供不超过 3,675 万元委托贷款，利率参考同期 LPR，期限不
超过三年。
截至本公告披露日，广汽部件向参股公司长沙麦格纳提供的委托贷款余额为
2,695 万元，委托贷款到期日为 2025 年 10 月 14 日。
二、委托贷款存在逾期无法足额收回的风险
长沙麦格纳成立于 2018 年 6 月，为广汽部件与 Magna International (Hong
Kong) Limited（简称“麦格纳”）共同投资设立的合资企业，其中广汽部件持股
49%，主要为本公司在长沙的整车企业进行配套。近年来，受汽车行业竞争加剧、
配套企业产销量出现大幅下降等影响，长沙麦格纳经营业绩出现持续波动，其虽
通过拓展新产品、新客户及开源节流、降本增效等措施，2023 年至 2024 年经营
情况实现改善并偿还了双方股东部分委托贷款；但今年以来，长沙麦格纳现有主
要客户销量下滑且其控股股东麦格纳因发展战略调整提出退出合资经营，公司预
计子公司按股比提供的委托贷款存在无法足额收回的风险。
三、后续拟采取的措施
公司子公司广汽部件将在遵","
公司历史资料（仅限本公告发布之前）：
【历史公告 2025-09-11：H股公告-广汽集团2025年第三次临时股东大会记录日期】


【历史公告 2025-09-30：广汽集团2025年第三次临时股东大会决议公告】


【历史公告 2025-09-13：广汽集团2025年第三次临时股东大会资料】
",,
1225001612,300476,胜宏科技,2026-03-09 18:36:09,关于发行境外上市股份（H股）获得中国证监会备案的公告,"证券代码：300476 证券简称：胜宏科技 公告编号：2026-016
胜宏科技（惠州）股份有限公司
关于发行境外上市股份（H 股）获得中国证监会备案的公告
本公司及董事会全体成员保证公告内容的真实、准确、完整，没有虚假记载、误导性陈
述或重大遗漏。
胜宏科技（惠州）股份有限公司（以下简称“胜宏科技”或“公司”）正在
进行申请发行境外上市股份（H 股）并在香港联合交易所有限公司（以下简称“香
港联交所”）主板挂牌上市（以下简称“本次发行上市”或“本次境外发行上市”）
的相关工作，公司于近日收到中国证券监督管理委员会（以下简称“中国证监会”）
出具的《关于胜宏科技（惠州）股份有限公司境外发行上市备案通知书》（国合
函〔2026〕478 号）（以下简称“备案通知书”）。备案通知书主要内容如下：
一、公司拟发行不超过 110,227,500 股境外上市普通股并在香港联合交易所
上市。
二、自备案通知书出具之日起至本次境外发行上市结束前，公司如发生重大
事项，应根据境内企业境外发行上市有关规定，通过中国证监会备案管理信息系
统报告。
三、公司完成境外发行上市后 15 个工作日内，应通过中国证监会备案管理
信息系统报告发行上市情况。公司在境外发行上市过程中应严格遵守境内外有关
法律、法规和规则。
四、公司自备案通知书出具之日起 12 个月内未完成境外发行上市，拟继续
推进的，应当更新备案材料。
备案通知书仅对公司境外发行上市备案信息予以确认，不表明中国证监会对
公司证券的投资价值或者投资者的收益作出实质性判断或者保证，也不表明中国
证监会对公司备案材料的真实性、准确性、完整性作出保证或者认定。
公司本次发行上市尚需取得香港证券及期货事务监察委员会和香港联交所
等相关监管机构、证券交易所的批准、核准，该事项仍存在不确定性。公司将根
据该事项进展情况，严格按照法律法规的规定与要求，及时履","
公司历史资料（仅限本公告发布之前）：
【最近一期定期报告：2025年三季度报告（2025-10-28）主要财务数据】
主要财务数据
（一） 主要会计数据和财务指标
公司是否需追溯调整或重述以前年度会计数据
□是 否
本报告期 本报告期比上年同期
增减 年初至报告期末 年初至报告期末比上
年同期增减
营业收入（元） 5,086,426,434.81 78.95% 14,117,292,798.89 83.40%
归属于上市公司股东
的净利润（元） 1,101,706,640.17 260.52% 3,244,826,449.42 324.38%
归属于上市公司股东
的扣除非经常性损益
的净利润（元）
1,098,855,899.19 247.73% 3,248,027,382.51 317.75%
经营活动产生的现金
流量净额（元） -- -- 2,383,398,963.00 94.28%
基本每股收益（元/
股） 1.28 255.56% 3.78 324.72%
稀释每股收益（元/
股） 1.25 247.22% 3.75 321.35%
加权平均净资产收益
率 7.58% 3.87% 29.06% 19.51%
本报告期末 上年度末 本报告期末比上年度末增减
总资产（元） 30,612,476,407.28 19,175,313,194.03 59.65%
归属于上市公司股东
的所有者权益（元） 15,171,274,574.05 8,927,933,410.11 69.93%
（二） 非经常性损益项目和金额
适用 □不适用
单位：元
项目 本报告期金额 年初至报告期期末金额 说明
非流动性资产处置损益（包
括已计提资产减值准备的冲
销部分）
-13,934,778.91 -30,114,305.97
计入当期损益的政府补助
（与公司正常经营业务密切
相关、符合国家政策规定、
按照确定的标准享有、对公
司损益产生持续影响的政府
补助除外）
16,087,456.75 32,512,713.93
除同公司正常经营业务相关
的有效套期保值业务外，非
金融企业持有金融资产和金
融负债产生的公允价值变动
损益以及处置金融资产和金
融负债产生的损益
-29,066.06
委托他人投资或管理资产的
损益 856,000.00 908,180.00
除上述各项之外的其他营业
外收入和支出 233,444.87 -7,039,617.32
减：所得税影响额 362,315.67 -532,096.27胜宏科技（惠州）股份有限公司 2025 年第三季度报告
3
合计 2,850,740.98 -3,200,933.09 --
其他符合非经常性损益定义的损益项目的具体情况：
□适用 不适用
公司不存在其他符合非经常性损益定义的损益项目的具体情况。
将《公开发行证券",,
1225231656,601138,工业富联,2026-04-29 23:59:59,富士康工业互联网股份有限公司关于2026年度“提质增效重回报”行动方案的公告,"1
证券代码：601138 证券简称：工业富联 公告编号：2026-021 号
富士康工业互联网股份有限公司
关于 2026 年度“提质增效重回报”行动方案的公告
本公司董事会及全体董事保证本公告内容不存在任何虚假记载、误导性陈述或
者重大遗漏，并对其内容的真实性、准确性和完整性承担法律责任。
富士康工业互联网股份有限公司（以下简称“公司”）为深入落实《关于进一步
提高上市公司质量的意见》的要求，积极响应上海证券交易所《关于开展沪市公司“提
质增效重回报”专项行动的倡议》，践行“以投资者为本”的发展理念，持续提高上
市公司质量。公司结合自身发展战略、经营情况，基于对未来发展前景的信心及价值
认可，积极围绕主营业务、新质生产力、公司治理、关键少数、投资者回报、投资者
沟通等方面制定了 2026 年度“提质增效重回报”行动方案。具体如下：
一、 深化加强主业，聚焦 AI 基建与生态链纵深布局
针对 AI 算力基础设施的爆发式需求，公司将持续深耕与全球领先云服务商以及
各类别核心客户合作伙伴的战略协同。2026 年，公司将全面推进下一代 AI 算力基建
设备的研发与技术演进，进一步深化与产业链上下游的生态合作，优化并拓宽涵盖数
据中心、高速连接及先进散热方案在内的多元化产品矩阵。针对行业高度关注的下一
代 AI 算力架构及其配套硬件解决方案，公司均已开展前瞻性深度技术布局与联合开
发，相关产品的落地将有助于持续巩固并扩大公司在算力产业链关键环节的领先优
势。
二、 聚力数字技术新质生产力，专利引领价值增长
公司在数字经济核心技术方面深入布局，创新实力持续增强。截至 2025 年年末，
公司全球专利总量已突破 7,448 件，同比增长 3.1%，并在全球 18 个国家及地区构建
了完善的技术布局。公司 2025 年新增专利精准聚焦于先进高端技术领域，其中 AI 算
力基础设施、工业","
公司历史资料（仅限本公告发布之前）：
【最近一期定期报告：富士康工业互联网股份有限公司2025年年度报告（2026-03-11）主要财务数据】
主要会计数据和财务指标
(一) 主要会计数据
单位：千元 币种：人民币
主要会计数据 2025年 2024年 本期比上年
同期增减(%) 2023年
营业收入 902,887,188 609,135,428 48.22 476,340,107
利润总额 41,042,184 25,973,636 58.01 23,124,078
归属于上市公司股东的净利润 35,285,561 23,216,469 51.99 21,040,193
归属于上市公司股东的扣除非经
常性损益的净利润 34,188,196 23,413,856 46.02 20,208,906
经营活动产生的现金流量净额 5,237,909 23,819,867 -78.01 43,083,729
2025年末 2024年末
本期末比上
年同期末增
减（%）
2023年末
归属于上市公司股东的净资产 166,778,112 152,691,270 9.23 140,187,453
总资产 456,223,822 317,523,519 43.68 287,705,301
(二) 主要财务指标
主要财务指标 2025年 2024年 本期比上年同
期增减(%) 2023年
基本每股收益（元／股） 1.78 1.17 52.14 1.06
稀释每股收益（元／股） 1.78 1.17 52.14 1.06
扣除非经常性损益后的基本每股
收益（元／股） 1.72 1.18 45.76 1.02
加权平均净资产收益率（%） 21.65 15.85 增加5.80个百
分点 15.63
扣除非经常性损益后的加权平均
净资产收益率（%） 20.98 15.98 增加5.00个百
分点 15.02富士康工业互联网股份有限公司2025 年年度报告
10 / 270
报告期末公司前三年主要会计数据和财务指标的说明
√适用 □不适用
1、营业收入变动原因说明：主要系受AI 服务器市场持续扩张，公司在主要客户的市场份额稳步
提升，以及云服务商业务表现优异，推动整体营业收入增长所致。
2、利润总额、归属于上市公司股东的净利润、归属于上市公司股东的扣除非经常性损益的净利
润、基本每股收益（元／股）、稀释每股收益（元／股）、扣除非经常性损益后的基本每股收益
（元／股）变动原因说明：主要系公司营业收入增长，盈利能力提升带动利润增长所致。
3、经营活动产生的现金流量净额变动原因说明：主要系AI 服务器市场持续增长，客户需求强劲，
公司备货增加所致。
4、总资产变动原因说明：主要系因公司业务持续扩张，报告期末，公司货币资金、应收账款、
存货增长等所致。
八、 境内外会计准则下会计数据差异
(",,
1225363966,300502,新易盛,2026-06-11 23:59:59,关于公司实际控制人调整一致行动协议及签署《一致行动协议之补充协议》的公告,"证券代码： 300502 证券简称： 新易盛 公告编号： 2026-033
成都新易盛通信技术股份有限公司
关于公司实际控制人调整一致行动协议及签署
《一致行动协议之补充协议》的公告
本公司及董事会全体成员保证信息披露的内容真实、准确、完整，没有虚假
记载、误导性陈述或重大遗漏。
成都新易盛通信技术股份有限公司（以下简称“公司”）于近日收到实际控
制人高光荣先生与黄晓雷先生的通知，为进一步明确实际控制人之间一致行动意
向的形成机制，使双方一致行动更加明确、顺畅，高光荣先生与黄晓雷先生调整
了一致行动协议，并于2026年6月9日签署了《一致行动协议之补充协议》。现将
具体情况公告如下：
一、基本情况
本次调整前，原《一致行动人协议》第一条约定为“双方一致同意，对于股
份公司的所有事项，在股东大会作出完全一致的决策。上述事项包括但不限于：
1、变更股份公司注册资本；2、股份公司合、分立、解散、清算；3、股份公司
利润分配；4、对股份公司其他事项行使股东权利(包括投票、提案、董事和监事
候选人提名、临时股东大会召集等)。”，第二条约定为“双方一致同意，在股东
大会审议相关事项之前进行充分沟通，并取得一致意见”。
本次调整后，原《一致行动人协议》第一条约定修改为“双方一致同意，对
于股份公司的所有事项，在股东会上保持一致。上述事项包括但不限于：1、变
更股份公司注册资本；2、股份公司合、分立、解散、清算；3、股份公司利润分
配；4、对股份公司其他事项行使股东权利(包括投票、提案、董事候选人提名、
临时股东会召集等)。”原《一致行动人协议》第二条约定修改为“双方一致同意，
在股东会审议相关事项之前，双方交换表决意向，若存在不一致的情形，以黄晓
雷表决意向为准。”二、对公司的影响
本次一致行动协议的调整，为进一步明确实控人之间一致行动意向的形成机
制，使双方一致行动更加明确、顺畅，不会","
公司历史资料（仅限本公告发布之前）：
【最近一期定期报告：关于2025年年度报告披露的提示性公告（2026-04-24）主要财务数据】
证券代码： 300502 证券简称： 新易盛 公告编号： 2026-010
成都新易盛通信技术股份有限公司
关于 2025 年年度报告披露的提示性公告
本公司及董事会全体成员保证信息披露的内容真实、准确、完整，没有虚假
记载、误导性陈述或重大遗漏。
2026 年 4 月 23 日，成都新易盛通信技术股份有限公司（以下简称“公司”）
召开了第五届董事会第十三次会议，审议通过了公司《2025 年年度报告》全文
及其摘要的相关议案。
为使投资者全面了解公司 2025 年度经营情况、财务状况及未来发展规划，
公司《2025 年年度报告》、《2025 年年度报告摘要》于 2026 年 4 月 24 日在中国
证监会指定的创业板信息披露网站巨潮资讯网（http://www.cninfo.com.cn）披
露，敬请投资者注意查阅。
特此公告。
成都新易盛通信技术股份有限公司
董事会
2026 年 4 月 23 日

【历史公告 2026-04-24：关于作废部分限制性股票的公告】
证券代码：300502 证券简称：新易盛 公告编号：2026-021
成都新易盛通信技术股份有限公司
关于作废部分限制性股票的公告
本公司及董事会全体成员保证信息披露的内容真实、准确、完整，没有虚假
记载、误导性陈述或重大遗漏。
根据成都新易盛通信技术股份有限公司（以下简称“公司”或“新易盛”）
于 2026 年 4 月 23 日召开第五届董事会第十三次会议，审议通过了《关于作废部
分限制性股票的议案》，现将相关内容公告如下：
一、股权激励计划简述及已履行的相关审批程序
1、2024 年 1 月 3 日，公司召开第四届董事会第十六次会议，审议通过了《关
于公司<2024 年限制性股票激励计划(草案)>及其摘要的议案》《关于公司<2024
年限制性股票激励计划实施考核管理办法>的议案》《关于提请股东大会授权董
事会办理股权激励相关事宜的议案》等议案。同日，公司召开第四届监事会第十
六次会议，

【历史公告 2026-04-24：关于2025年度利润分配及资本公积转增股本预案的公告】
证券代码： 300502 证券简称： 新易盛 公告编号： 2026-013
成都新易盛通信技术股份有限公司
关于 2025 年度利润分配及资本公积转增股本预案的公告
本公司及董事会全体成员保证信息披露的内容真实、准确、完整，没有虚假
记载、误导性陈述或重大遗漏。
一、审议程序
成都新易盛通信技术股份有限公司（以下简称“公司”）于 2026 年 4 月 23
日召开第五届董事会第十三次会议，审议通过了《关于 2025 年度利润分配及资
本公积转增股本预案的议案》，该议案尚需提交公司 2",,
1225007480,300476,胜宏科技,2026-03-13 23:59:59,2025年度财务决算报告,"胜宏科技（惠州）股份有限公司
2025年度财务决算报告
胜宏科技（惠州）股份有限公司（以下简称“公司”）2025年度财务决算会计
报表已经立信会计师事务所（特殊普通合伙）审计验证，并出具了标准无保留意
见的审计报告，立信会计师事务所（特殊普通合伙）认为公司的财务报表在所有
重大方面按照企业会计准则的规定编制，公允反映了公司2025年期末财务状况及
年度经营成果和现金流量。现将公司2025年度财务决算情况报告如下：
一、主要会计数据和财务指标
单位：万元
项目 2025 年 2024 年 本年比上年增减
营业收入 1,929,231.35 1,073,146.95 79.77%
营业利润 505,670.09 128,834.07 292.50%
利润总额 502,171.61 131,182.31 282.80%
归属于上市公司股东的净利润 431,198.83 115,443.11 273.52%
基本每股收益（元/股） 5.01 1.34 273.88%
加权平均净资产收益率 35.56% 13.95% 21.61%
项目 2025 年末 2024 年末 本年末比上年末增减
资产总额 3,524,448.70 1,917,531.32 83.80%
归属于上市公司股东的所有者权益 1,661,760.84 892,793.34 86.13%
股本 87,034.93 86,268.86 0.89%
归属于上市公司股东的净资产 1,661,760.84 892,793.34 86.13%
归属于上市公司股东每股净资产
（元） 19.09 10.35 84.44%
二、2025 年度财务状况、经营成果和现金流量情况分析
1、主要资产及负债情况
单位：万元
项目
2025 年末 2024 年末 比重
增减金额 占总资产比例 金额 占总资产比例
流动资产 1,351,379.3","
公司历史资料（仅限本公告发布之前）：
【最近一期定期报告：2025年三季度报告（2025-10-28）主要财务数据】
主要财务数据
（一） 主要会计数据和财务指标
公司是否需追溯调整或重述以前年度会计数据
□是 否
本报告期 本报告期比上年同期
增减 年初至报告期末 年初至报告期末比上
年同期增减
营业收入（元） 5,086,426,434.81 78.95% 14,117,292,798.89 83.40%
归属于上市公司股东
的净利润（元） 1,101,706,640.17 260.52% 3,244,826,449.42 324.38%
归属于上市公司股东
的扣除非经常性损益
的净利润（元）
1,098,855,899.19 247.73% 3,248,027,382.51 317.75%
经营活动产生的现金
流量净额（元） -- -- 2,383,398,963.00 94.28%
基本每股收益（元/
股） 1.28 255.56% 3.78 324.72%
稀释每股收益（元/
股） 1.25 247.22% 3.75 321.35%
加权平均净资产收益
率 7.58% 3.87% 29.06% 19.51%
本报告期末 上年度末 本报告期末比上年度末增减
总资产（元） 30,612,476,407.28 19,175,313,194.03 59.65%
归属于上市公司股东
的所有者权益（元） 15,171,274,574.05 8,927,933,410.11 69.93%
（二） 非经常性损益项目和金额
适用 □不适用
单位：元
项目 本报告期金额 年初至报告期期末金额 说明
非流动性资产处置损益（包
括已计提资产减值准备的冲
销部分）
-13,934,778.91 -30,114,305.97
计入当期损益的政府补助
（与公司正常经营业务密切
相关、符合国家政策规定、
按照确定的标准享有、对公
司损益产生持续影响的政府
补助除外）
16,087,456.75 32,512,713.93
除同公司正常经营业务相关
的有效套期保值业务外，非
金融企业持有金融资产和金
融负债产生的公允价值变动
损益以及处置金融资产和金
融负债产生的损益
-29,066.06
委托他人投资或管理资产的
损益 856,000.00 908,180.00
除上述各项之外的其他营业
外收入和支出 233,444.87 -7,039,617.32
减：所得税影响额 362,315.67 -532,096.27胜宏科技（惠州）股份有限公司 2025 年第三季度报告
3
合计 2,850,740.98 -3,200,933.09 --
其他符合非经常性损益定义的损益项目的具体情况：
□适用 不适用
公司不存在其他符合非经常性损益定义的损益项目的具体情况。
将《公开发行证券",,
1225469044,300308,中际旭创,2026-08-12 23:59:59,H股公告（董事会会议日期）,"׌
࠿
ዄ΂Оப΂f
ZHONGJI INNOLIGHT CO., LTD.
ʮ̡
ʮ̡
΅˾໮j3308
໨ԫึึᙄ˚ಂ
ʮ̡  ͉ʮ̡  ໨ ԫ ໨ԫ ึ ໨ԫึбd໨ԫ
׵2026 ϋ8˜21͉ʮ̡ʿ
᙮ʮ̡࿚Ї 2026 ϋ6˜30ݼ
νϞ f
໨ԫึն
ʮ̡
ᐼ൒
ᄎ໋௹ɻ
ಥd2026 ϋ8˜11 ˚
j(i)΋͛ʿˮወᘆɾ
ɻi(ii)ੂБ໨ԫ௓੹ථɾɻiʿ (iii)௹ɻe
௹ɻʿර國 Ᏽ΋͛f","
公司历史资料（仅限本公告发布之前）：
【最近一期定期报告：2026年第一季度报告披露的提示性公告（2026-04-17）主要财务数据】
证券代码：300308 证券简称：中际旭创 公告编号：2026-043
中际旭创股份有限公司
2026 年第一季度报告披露的提示性公告
中际旭创股份有限公司（以下简称“公司”或“中际旭创”）于 2026 年 4 月
16 日召开第五届董事会第三十一次会议，会议审议通过了《关于公司 2026 年第一
季度报告的议案》，为使投资者全面了解公司的经营成果及财务状况，公司 2026
年第一季度报告全文于 2026 年 4 月 17 日在中国证监会指定的创业板上市公司信
息披露网站巨潮资讯网（http://www.cninfo.com.cn）披露，请投资者注意查阅。
特此公告
中际旭创股份有限公司董事会
2026 年 04 月 17 日
本公司及董事会全体成员保证信息披露内容的真实、准确和完
整，没有虚假记载、误导性陈述或重大遗漏。

【历史公告 2026-03-31：关于调整控股孙公司2025年度增资方案的公告】
证券代码：300308 证券简称：中际旭创 公告编号：2026-038
中际旭创股份有限公司
关于调整控股孙公司 2025 年度增资方案的公告
一、方案调整概述
中际旭创股份有限公司（以下简称“中际旭创”或“公司”）于 2025 年 11 月 21
日召开第五届董事会第二十六次会议审议通过了《关于控股孙公司增资暨关联交易
的议案》，公司全资孙公司 VINCREST HOLDINGS PTE. LTD（以下简称“VINCREST”）
等 机 构 拟 合计 出资 5.17 亿美元对公司 控股孙公司 TeraHop Pte. Ltd. （以下简称
“TeraHop”）进行增资，合计认购 TeraHop 16,089,272 股普通股。本次增资完成后，
公司通过子公司苏州智达泰跃科技有限公司及孙公司 VINCREST HOLDINGS PTE.
LTD 合计持有 Terahop 股权比例仍为 67

【历史公告 2026-03-14：第四期限制性股票激励计划预留部分激励对象名单（授予日）】
中际旭创（300308） 第四期限制性股票激励计划激励对象名单
中际旭创股份有限公司
第四期限制性股票激励计划预留部分激励对象名单
一、拟获授限制性股票的激励对象总体名单
单位：股
姓 名 职 位 获授的限制性股
票数量（股)
获授限制性股票占
授予总量的比例
获授限制性股票占
目前总股本比例
TAN CHAI SIA
（马来西亚）
核心技术
人员 20,000 0.20% 0.0018%
梁冠豪
（中国香港）
核心业务
人员 10,000 0.10% 0.0009%
TAI MUN HOONG
（马来西亚）
核心技术
人员 22,000 0",,
1224988268,688256,寒武纪,2026-02-28 23:59:59,2025年度业绩快报公告,"证券代码：688256      证券简称：寒武纪      公告编号：2026-002
中科寒武纪科技股份有限公司
2025 年度业绩快报公告
本公司董事会及全体董事保证本公告内容不存在任何虚假记载、误导性陈述或
者重大遗漏，并对其内容的真实性、准确性和完整性依法承担法律责任。
本公告所载 2025 年度（以下简称“报告期”或“本期”）主要财务数据为初步核算
数据，未经会计师事务所审计，具体数据以中科寒武纪科技股份有限公司（以下简称“公
司”）《2025 年年度报告》为准，敬请投资者注意投资风险。
一、2025年度主要财务数据和指标
单位：人民币元
项目 本报告期 上年同期
增减变动幅
度（％）
营业总收入 6,497,196,198.68 1,174,464,377.35 453.21
营业利润 2,061,390,034.78 -455,745,242.97 不适用
利润总额 2,059,381,570.35 -455,769,055.47 不适用
归属于母公司所有者的净利
润
2,059,228,538.67 -452,338,791.01 不适用
归属于母公司所有者的扣除
非经常性损益的净利润
1,769,934,157.68 -864,951,476.14 不适用
基本每股收益（元） 4.93 -1.09 不适用
加权平均净资产收益率 26.96% -8.18%
增加 35.14 个
百分点
本报告期末 本报告期初
增减变动幅
度（％）
总 资 产 13,444,807,619.49 6,717,812,509.70 100.14
归属于母公司的所有者权益 11,836,173,972.81 5,422,658,659.68 118.27股 本 421,685,170.00 417,456,753.00 1.01
归属于母公司所有者的每股
净资产（元）
28.0","
公司历史资料（仅限本公告发布之前）：
【最近一期定期报告：2025年第三季度报告（2025-10-18）主要财务数据】
主要财务数据
（一） 主要会计数据和财务指标
单位：元 币种：人民币
项目 本报告期
本报告期比
上年同期增
减变动幅度
(%)
年初至报告期末
年初至报告期
末比上年同期
增减变动幅度
(%)
营业收入 1,726,780,892.57 1,332.52 4,607,424,363.66 2,386.38
利润总额 566,110,844.05 不适用 1,603,865,411.18 不适用
归属于上市公司股东的
净利润 566,563,175.54 不适用 1,604,645,744.11 不适用
归属于上市公司股东的
扣除非经常性损益的净
利润
506,321,130.23 不适用 1,418,887,977.30 不适用
经营活动产生的现金流
量净额 -940,455,133.44 不适用 -29,304,811.71 不适用
基本每股收益（元/股） 1.35 不适用 3.85 不适用中科寒武纪科技股份有限公司 2025 年第三季度报告
2 / 13
稀释每股收益（元/股） 1.34 不适用 3.81 不适用
加权平均净资产收益率
（%） 8.03 增加 11.77
个百分点 25.21 增加 38.69 个
百分点
研发投入合计 258,226,217.64 22.05 714,716,429.23 8.45
研发投入占营业收入的
比例（%） 14.95 减少 160.57
个百分点 15.51 减少 340.14 个
百分点
本报告期末 上年度末
本报告期末比
上年度末增减
变动幅度(%)
总资产 12,592,153,353.85 6,717,812,509.70 87.44
归属于上市公司股东的
所有者权益 11,311,145,494.56 5,422,658,659.68 108.59
注：“本报告期”指本季度初至本季度末 3 个月期间，下同。
（二） 非经常性损益项目和金额
√适用 □不适用
单位:元 币种:人民币
非经常性损益项目 本期金额 年初至报告期末
金额 说明
非流动性资产处置损益，包括已计提
资产减值准备的冲销部分 - 12,926.97 /
计入当期损益的政府补助，但与公司
正常经营业务密切相关、符合国家政
策规定、按照确定的标准享有、对公
司损益产生持续影响的政府补助除
外
53,601,822.30 171,910,985.71 /
除同公司正常经营业务相关的有效
套期保值业务外，非金融企业持有金
融资产和金融负债产生的公允价值
变动损益以及处置金融资产和金融
负债产生的损益
7,846,757.49 15,863,379.83 /
除上述各项之外的其他营业外收入
和支出 -1,135,869.9",,
1225584867,300308,中际旭创,2026-09-28 17:40:26,2026年半年度A股权益分派实施公告,"证券代码：300308 证券简称：中际旭创 公告编号：2026-098
中际旭创股份有限公司
2026 年半年度A 股权益分派实施公告
特别提示：
1、自利润分配方案披露日至实施权益分派期间，公司累计回购 A 股股份
5,653,063 股，该部分已回购的股份不享有参与本次利润分配的权利，扣除回购专户
所持股份后实际参与本次权益分派的A 股股份为1,109,581,578 股。
2、本次权益分派实际派发现金红利总金额=实际参与分配的总股本×每10 股分
红金额/10 股=1,109,581,578 股×12.00 元/10 股=1,331,497,893.60 元（含税）。按公司
A 股 总 股 本 折 算 的 每 10 股 现 金 红 利= 现 金 分 红 总 额/A 股 总 股 本 ×10=
1,331,497,893.60 元/1,115,234,641 股×10=11.939172 元/股。本次权益分派实施后的除
权除息价格=股权登记日收盘价-1.1939172 元。
一、公司审议通过的权益分派方案情况
1、中际旭创股份有限公司（以下简称“公司”或“中际旭创”）于2026 年4 月
20 日召开了2025 年年度股东会，授权董事会制定并执行2026 年中期分红方案；2026
年8 月21 日，公司召开第六届董事会第三次会议审议通过了2026 年半年度利润分
配方案，具体分派方案为：公司拟以现有总股本1,169,734,641 股（包含A 股总股本
1,115,234,641 股和H 股总股本54,500,000 股）为基数，向全体股东每10 股派发现金
红利12.00 元人民币（含税），合计派发现金红利人民币1,403,681,569.20 元（含税）；
本次利润分配不送股、不以资本公积转增股本。在利润分配方案披露日至实施权益
分派期间，公司股本若因新增股份上市、股","
公司历史资料（仅限本公告发布之前）：
【最近一期定期报告：2026年半年度报告披露的提示性公告（2026-08-22）主要财务数据】
证券代码：300308 证券简称：中际旭创 公告编号：2026-079
中际旭创股份有限公司
2026 年半年度报告披露的提示性公告
中际旭创股份有限公司（以下简称“公司”或“中际旭创”）于 2026 年 8 月
21 日召开第六届董事会第三次会议，会议审议通过了《关于公司 2026 年半年度报
告及其摘要的议案》，为使投资者全面了解公司的经营成果、财务状况及未来发展
规划，公司 2026 年半年度报告全文及摘要于 2026 年 8 月 24 日在中国证监会指定
的创业板上市公司信息披露网站巨潮资讯网（http://www.cninfo.com.cn）上披露，
请投资者注意查阅。
特此公告
中际旭创股份有限公司董事会
2026 年 08 月 24 日
本公司及董事会全体成员保证信息披露内容的真实、准确和完
整，没有虚假记载、误导性陈述或重大遗漏。

【历史公告 2025-09-26：2025年半年度权益分派实施公告】
证券代码：300308 证券简称：中际旭创 公告编号：2025-094
中际旭创股份有限公司
2025 年半年度权益分派实施公告
一、股东会审议通过的权益分派方案情况
1、公司 2025 年半年度权益分派方案已经 2025 年 9 月 17 日召开的 2025 年第三
次临时股东会审议通过，具体分派方案：以公司总股本 1,111,118,334 股为基数，向
全体股东每 10 股派发现金红利 4.00 元人民币（含税），合计派发现金红利人民币
444,447,333.60 元（含税）；本次利润分配不送股、不以资本公积转增股本。在利润
分配预案披露日至实施权益分派期间，公司股本若因新增股份上市、股权激励授予
行权、可转债转股、股份回购等事项发生变化的，公司将按照现金分红比例不变的
原则进行相应调整。
2、本次实施的分配方案与股东会审议通过的分配方案及其调整原则一致。
3、自分配方案披露日至权

【历史公告 2026-04-22：2025年度权益分派实施公告】
证券代码：300308 证券简称：中际旭创 公告编号：2026-047
中际旭创股份有限公司
2025 年度权益分派实施公告
一、股东会审议通过的权益分派方案情况
1、公司 2025 年度权益分派方案已经 2026 年 4 月 20 日召开的 2025 年度股东会
审议通过，具体分派方案：以公司总股本 1,111,118,334 股为基数，向全体股东每 10
股派发现金红利 10.00 元人民币（含税），合计派发现金红利人民币 1,111,118,334.00
元（含税），其余未分配利润结转下一年度；本年度不送股、不以资本公积转增股本。
在利润分配预案披露日",,
1225056480,300308,中际旭创,2026-03-31 23:59:59,关于第三期员工持股计划第三个锁定期解锁条件成就的公告,"证券代码：300308 证券简称：中际旭创 公告编号：2026-031
中际旭创股份有限公司
关于第三期员工持股计划第三个锁定期解锁条件成就的公告
中际旭创股份有限公司(以下简称“公司”或“中际旭创”)于2026 年3 月27 日
召开第五届董事会第二十九次会议审议通过了《关于公司第三期员工持股计划第三个
锁定期解锁条件成就的议案》，董事会认为公司第三期员工持股计划第三个锁定期解
锁条件已成就，本次解锁比例为员工持股计划总数的34%，解锁股份数量为533.12
万股。具体情况如下：
一、第三期员工持股计划的基本情况
2022 年12 月28 日，公司分别召开了第四届董事会第三十一次会议和第四届监事
会第二十八次会议，审议通过了《关于中际旭创股份有限公司第三期员工持股计划（草
案）及其摘要的议案》《关于中际旭创股份有限公司第三期员工持股计划管理办法的
议案》等议案，为进一步深化、完善公司经营管理激励机制，充分调动公司管理层和
员工的积极性、创造性，提高全体员工的凝聚力，促进公司持续、健康、长远的发展，
公司拟实施第三期员工持股计划，参与对象为与公司（含控股子公司）签订雇佣协议
及聘用协议的员工，包含公司董事（不含独立董事）、监事、高级管理人员，合计不
超过300 人，股票来源为公司回购专用账户中回购的中际旭创A 股普通股，受让的股
份总数不超过1,120 万股，受让价格为 14.02 元/股。
2023 年1 月13 日，公司召开2023 年第一次临时股东大会，会议审议通过了《中
际旭创股份有限公司第三期员工持股计划（草案）》及其摘要、《中际旭创股份有限公
司第三期员工持股计划管理办法》等相关议案，同意公司实施第三期员工持股计划。
2023 年3 月20 日，公司收到中国证券登记结算有限责任公司深圳分公司出具的
《证券过户登记确认书》，公司回购专用证券账户所持股份中的1,12","
公司历史资料（仅限本公告发布之前）：
【最近一期定期报告：2025年第三季度报告披露的提示性公告（2025-10-31）主要财务数据】
证券代码：300308 证券简称：中际旭创 公告编号：2025-097
中际旭创股份有限公司
2025 年第三季度报告披露的提示性公告
中际旭创股份有限公司（以下简称“公司”或“中际旭创”）于 2025 年 10
月 29 日召开第五届董事会第二十四次会议，会议审议通过了《关于公司 2025 年
第三季度报告的议案》，为使投资者全面了解公司的经营成果、财务状况及未来发
展规划，公司 2025 年第三季度报告全文于 2025 年 10 月 31 日在中国证监会指定
的创业板上市公司信息披露网站巨潮资讯网（http://www.cninfo.com.cn）上披露，
请投资者注意查阅。
特此公告
中际旭创股份有限公司董事会
2025 年 10 月 31 日
本公司及董事会全体成员保证信息披露内容的真实、准确和完
整，没有虚假记载、误导性陈述或重大遗漏。

【历史公告 2026-03-14：关于调整第四期限制性股票激励计划预留部分授予价格的公告】
证券代码：300308 证券简称：中际旭创 公告编号：2026-016
中际旭创股份有限公司
关于调整第四期限制性股票激励计划预留部分授予价格的公告
中际旭创股份有限公司（以下简称“中际旭创”或“公司”）于2026 年3 月12
日召开第五届董事会第二十八次会议，审议通过了《关于调整第四期限制性股票激
励计划预留部分授予价格的议案》，根据《第四期限制性股票激励计划（草案）》（以
下简称“激励计划”）的规定以及公司2025 年第二次临时股东会的授权，公司对第
四期限制性股票激励计划预留部分的授予价格进行了调整，现将有关事项公告如下：
一、本次激励计划已履行的决策程序
1、2025 年3 月17 日，公司召开了第五届董事会第十九次会议和第五届监事会
第十六次会议，审议通过了《关于公司第四期限制性股票激励计划（草案）及其摘
要的议案》等相关议案，公司独立董事战淑萍就提交股东大会审议的本次激励计划

【历史公告 2026-03-14：关于向第四期限制性股票激励计划激励对象授予预留限制性股票的公告】
证券代码：300308 证券简称：中际旭创 公告编号：2026-017
中际旭创股份有限公司
关于向第四期限制性股票激励计划激励对象
授予预留限制性股票的公告
特别提示：
1、限制性股票种类：第二类限制性股票；
2、限制性股票数量：110.00 万股；
3、限制性股票授予价格：53.10 元/股；
4、限制性股票授予日：2026 年 3 月 12 日。
中际旭创股份有限公司（以下简称“中际旭创”或“公司”）《第四期限制性股
票激励计划（草案）》（以下简称“激励计划”）规定的预留限制性股票授予条件已成
",,
1225261108,600150,中国船舶,2026-04-30 23:59:59,中国船舶工业股份有限公司关于募集资金投资项目结项并将节余募集资金永久补充流动资金的公告,"1
证券代码：600150 证券简称：中国船舶 公告编号：2026-013
中国船舶工业股份有限公司
关于募集资金投资项目结项并将节余募集资金
永久补充流动资金的公告
本公司董事会及全体董事保证本公告内容不存在任何虚假记载、误导性陈述或者
重大遗漏，并对其内容的真实性、准确性和完整性承担法律责任。
重要内容提示：
本次结项的募投项目名称：中国船舶工业股份有限公司（以下简
称“中国船舶”或“公司”）2020 年发行股票购买资产并募集配套资金，
中国船舶重工股份有限公司（以下简称“中国重工”）2012 年公开发
行可转换公司债券，中国重工 2014 年非公开发行股份共三次融资。
上述三次融资所涉节余募集资金金额分别为 139,398.50 万元、
57,719.27 万元、16,706.70 万元，公司拟将该等节余募集资金全部用
于永久补充流动资金。其中，中国船舶 2020 年发行股票购买资产并募
集配套资金项目节余募集资金用于永久补充流动资金事宜还需提交公
司股东会审议。
中国船舶以向中国重工全体换股股东发行 A 股股票的方式换股吸收
合并中国重工（以下简称“本次交易”），中国船舶为吸收合并方，中国重
工为被吸收合并方。本次交易已获得中国证券监督管理委员会《关于同意
中国船舶工业股份有限公司吸收合并中国船舶重工股份有限公司注册的
批复》（证监许可〔2025〕1501 号）的注册批复。公司于 2025 年9 月11
日取得中国证券登记结算有限责任公司上海分公司出具的《证券变更登记
证明》，新增股份于 2025 年9月 16 日上市交易，中国重工及其子公司于2
2025 年三季度起纳入公司合并范围。中国重工的募集资金存放、管理与
使用由中国船舶承继。
中国船舶2020 年发行股票购买资产并募集配套资金、中国重工2012
年公开发行可转换公司债券、中国重工2014 年非公开发行","
公司历史资料（仅限本公告发布之前）：
【最近一期定期报告：中国船舶工业股份有限公司2025年第三季度报告（2025-10-29）主要财务数据】
主要财务数据
（一） 主要会计数据和财务指标
单位：元 币种：人民币
项目 本报告期
上年同期
本报告期
比上年同
期增减变
动幅度(%)
年初至报告期末
上年同期
年初至报告
期末比上年
同期增减变
动幅度(%)
调整前 调整后 调整后 调整前 调整后 调整后
营业收入 34,763,145,858.61 20,152,032,380.59 33,184,619,044.24 4.76 107,402,803,784.70 56,168,631,873.14 91,047,386,926.35 17.96
利润总额 2,890,924,697.45 959,306,054.70 1,382,621,670.88 109.09 8,273,340,148.64 2,492,296,940.90 3,486,773,584.50 137.28
归属于上市公
司股东的净利
润
2,074,459,897.57 858,303,961.53 1,050,061,606.43 97.56 5,851,780,413.25 2,270,650,101.32 2,716,582,826.78 115.41
归属于上市公
司股东的扣除
非经常性损益
的净利润
1,491,230,460.93 773,371,661.73 773,371,661.73 92.82 4,381,923,160.39 1,971,672,648.36 1,971,672,648.36 122.24
经营活动产生
的现金流量净
额
不适用 不适用 不适用 不适用 3,094,731,394.80 2,327,602,933.48 7,691,535,043.06 -59.76中国船舶工业股份有限公司 2025年第三季度报告
2 / 12
基本每股收益
（元/股）
0.350 0.192 0.177 97.74 0.987 0.508 0.458 115.50
稀释每股收益
（元/股）
0.350 0.192 0.177 97.74 0.987 0.508 0.458 115.50
加权平均净资
产收益率（%）
2.16 1.75 1.13 91.15 6.20 4.63 3.01 105.98
本报告期末
上年度末
本报告期末比上年度末增减变动
幅度(%)
调整前 调整后 调整后
总资产 406,022,551,603.91 181,976,769,308.99 403,639,151,728.16 0.59
归属于上市公
司股东的所有
者权益
141,137,504,528.14 50,899,798,605.37 92,104,183,250.95",,
1224938645,300308,中际旭创,2026-01-16 19:34:10,关于控股股东减持计划实施完毕的公告,"证券代码：300308 证券简称：中际旭创 公告编号：2026-008
中际旭创股份有限公司
关于控股股东减持计划实施完毕的公告
中际旭创股份有限公司（以下简称“公司”或“中际旭创”）于 2025 年 9 月 27
日在中国证监会指定创业板上市公司信息披露网站巨潮资讯网上披露了《中际旭创关
于控股股东减持股份的预披露公告》（公告编号：2025-095），公司控股股东山东中际
投资控股有限公司（以下简称“中际控股”）持有公司股份 126,940,135 股，占公司总
股本的 11.42%，其计划未来三个月内（中国证监会、深圳证券交易所相关法律法规、
规范性文件规定不得进行减持的时间除外）以大宗交易方式减持公司股份不超过
550.00 万股，占公司总股本的 0.49%，同时中际控股及其一致行动人承诺自本次减持
计划完成后 12 个月内不减持公司股份。
近日，公司收到中际控股出具的《关于股份减持计划实施情况的告知函》，本次
股份减持计划已实施完毕。根据《深圳证券交易所创业板股票上市规则》《深圳证券
交易所上市公司自律监管指引第 2 号——创业板上市公司规范运作》《上市公司股东
减持股份管理暂行办法》《深圳证券交易所上市公司自律监管指引第 18 号——股东及
董事、高级管理人员减持股份》等法律法规、部门规章及规范性文件的规定，现将有
关实施情况公告如下：
一、本次股份减持计划的实施情况
1、股东股份减持情况：
股东
名称 减持方式 减持期间 减持均价
（元/股） 减持股数（股） 占公司总
股本比例
中际
控股 大宗交易 2025 年 11 月 20 日-
2026 年 01 月 15 日 521.73 5,500,000 0.49%
公司控股股东山东中际投资控股有限公司保证向本公司提供的信息内容真实、
准确、完整，没有虚假记载、误导性陈述或重大遗漏。
本公司及董事会全体成员保证公告","
公司历史资料（仅限本公告发布之前）：
【最近一期定期报告：2025年第三季度报告披露的提示性公告（2025-10-31）主要财务数据】
证券代码：300308 证券简称：中际旭创 公告编号：2025-097
中际旭创股份有限公司
2025 年第三季度报告披露的提示性公告
中际旭创股份有限公司（以下简称“公司”或“中际旭创”）于 2025 年 10
月 29 日召开第五届董事会第二十四次会议，会议审议通过了《关于公司 2025 年
第三季度报告的议案》，为使投资者全面了解公司的经营成果、财务状况及未来发
展规划，公司 2025 年第三季度报告全文于 2025 年 10 月 31 日在中国证监会指定
的创业板上市公司信息披露网站巨潮资讯网（http://www.cninfo.com.cn）上披露，
请投资者注意查阅。
特此公告
中际旭创股份有限公司董事会
2025 年 10 月 31 日
本公司及董事会全体成员保证信息披露内容的真实、准确和完
整，没有虚假记载、误导性陈述或重大遗漏。

【历史公告 2025-11-25：关于部分高级管理人员减持计划期限届满暨实施情况公告】
证券代码：300308 证券简称：中际旭创 公告编号：2025-110
中际旭创股份有限公司
关于部分高级管理人员减持计划期限届满暨实施情况公告
中际旭创股份有限公司（以下简称“公司”或“中际旭创”）于 2025 年 8 月 2 日
在中国证监会指定创业板上市公司信息披露网站巨潮资讯网上披露了《中际旭创关于
部分高级管理人员减持股份的预披露公告》（公告编号：2025-077），公司董事、常务
副总裁王晓东先生持有公司股份 2,876,209 股，占公司总股本的 0.26%，其计划未来三
个月内（中国证监会、深圳证券交易所相关法律法规、规范性文件规定不得进行减持
的时间除外）以集中竞价方式减持公司股份不超过 719,052 股，占公司总股本的 0.06%。
近日，公司收到王晓东先生出具的《关于股份减持计划实施情况的告知函》，本
次股份减持计划期限已届满。根据《深圳证券交易所创业板股票上市规则

【历史公告 2025-09-26：关于控股股东减持股份的预披露公告】
证券代码：300308 证券简称：中际旭创 公告编号：2025-095
中际旭创股份有限公司
关于控股股东减持股份的预披露公告
特别提示：
1、中际旭创股份有限公司（以下简称“公司”）于 2025 年 9 月 26 日收到控股
股东山东中际投资控股有限公司（以下简称“中际控股”）出具的《关于股份减持计
划的告知函》，中际控股持有公司股份 126,940,135 股，占公司总股本的 11.42%，其计
划未来三个月内（中国证监会、深圳证券交易所相关法律法规、规范性文件规定不得
进行减持的时间除外）以大宗交易方式减持公司股份不超过 550",,
1225286349,600418,江淮汽车,2026-05-09 23:59:59,江淮汽车关于公司董事辞职的公告,"证券代码：600418 证券简称：江淮汽车 公告编号：2026-028
安徽江淮汽车集团股份有限公司
关于公司董事辞职的公告
本公司董事会及全体董事保证本公告内容不存在任何虚假记载、误导性陈述
或者重大遗漏，并对其内容的真实性、准确性和完整性承担法律责任。
重要内容提示：
安徽江淮汽车集团股份有限公司（以下简称“公司”）2026 年 5 月 8 日收到
公司董事马翠兵先生提交的书面辞职报告。马翠兵先生因工作调动原因辞去公司
董事及董事会审计委员会委员职务。根据相关规定，公司收到辞职报告之日起辞
任生效。辞职后，马翠兵先生将不再担任公司任何职务。
一、 董事提前离任的基本情况
姓名 离任职务 离任时间 原定任期到
期日 离任原因
是否继续在上
市公司及其控
股子公司任职
具体职务
（如适用）
是否存在未履行
完毕的公开承诺
马翠兵
董事、董事
会 审 计 委
员会委员
2026 年 5
月 8 日
2028 年 11
月 17 日 工作调动 否 不适用
否，不存在未履
行完毕的公开承
诺（含增持承诺）
二、 董事离任对公司的影响
马翠兵先生的辞职不会导致公司董事会成员人数低于法定最低人数，不会影
响公司董事会的正常运作。根据相关规定，公司收到辞职报告之日起辞任生效。
公司将按照法定程序尽快完成公司董事的补选工作。
马翠兵先生在担任公司董事期间，恪尽职守、勤勉尽责，公司及公司董事会
对马翠兵先生任职期间为公司发展做出的贡献表示衷心的感谢！
特此公告。
安徽江淮汽车集团股份有限公司
董事会
2026 年 5 月 9 日","
公司历史资料（仅限本公告发布之前）：
【最近一期定期报告：江淮汽车2026年第一季度报告（2026-04-29）主要财务数据】
主要财务数据
(一)主要会计数据和财务指标
单位：元 币种：人民币
项目 本报告期 上年同期
本报告期比上年同期
增减变动幅度(%)
营业收入 11,458,633,016.94 9,800,876,463.51 16.91
利润总额 -587,126,235.98 -173,403,653.34 不适用
归属于上市公司股东的净利润 -605,991,641.40 -223,002,941.67 不适用
归属于上市公司股东的扣除非经常性损
益的净利润
-726,697,455.53 -287,047,454.94 不适用
经营活动产生的现金流量净额 -3,902,444,085.40 -1,294,450,697.52 不适用
基本每股收益（元/股） -0.27 -0.10 不适用
稀释每股收益（元/股） -0.27 -0.10 不适用
加权平均净资产收益率（%） -5.74 -1.98 减少 3.76 个百分点安徽江淮汽车集团股份有限公司2026 年第一季度报告
2 / 11
本报告期末 上年度末
本报告期末比上年度
末增减变动幅度(%)
总资产 51,689,953,639.51 50,879,590,752.57 1.59
归属于上市公司股东的所有者权益 12,583,969,462.07 9,690,258,834.05 29.86
(二)非经常性损益项目和金额
√适用 □不适用
单位:元 币种:人民币
非经常性损益项目 本期金额 说明
非流动性资产处置损益，包括已计提资产减值准备的冲销部分 5,886,055.31
计入当期损益的政府补助，但与公司正常经营业务密切相关、符合国家政
策规定、按照确定的标准享有、对公司损益产生持续影响的政府补助除外 95,579,245.93
除同公司正常经营业务相关的有效套期保值业务外，非金融企业持有金融
资产和金融负债产生的公允价值变动损益以及处置金融资产和金融负债产
生的损益
15,120,664.99
计入当期损益的对非金融企业收取的资金占用费
委托他人投资或管理资产的损益
对外委托贷款取得的损益
因不可抗力因素，如遭受自然灾害而产生的各项资产损失
单独进行减值测试的应收款项减值准备转回 6,305,186.97
企业取得子公司、联营企业及合营企业的投资成本小于取得投资时应享有
被投资单位可辨认净资产公允价值产生的收益
同一控制下企业合并产生的子公司期初至合并日的当期净损益
非货币性资产交换损益
债务重组损益 290,535.77
企业因相关经营活动不再持续而发生的一次性费用，如安置职工的支出等
因税收、会计等法律、法规的调整对当期损益产生的一次性影响
因取消、修改股权激励计划一次性",,
1225056479,300308,中际旭创,2026-03-31 23:59:59,关于作废部分激励对象已获授但尚未归属的限制性股票的公告,"证券代码：300308 证券简称：中际旭创 公告编号：2026-034
中际旭创股份有限公司
关于作废部分激励对象已获授但尚未归属的限制性股票的公告
中际旭创股份有限公司（以下简称“中际旭创”或“公司”）于 2026 年 3 月 27
日召开第五届董事会第二十九次会议审议通过了《关于作废部分激励对象已获授但
尚未归属的限制性股票的议案》，根据《公司第三期限制性股票激励计划（草案修订
稿）》（以下简称“《激励计划（草案修订稿）》”）的规定，因 5 名首次授予限制性
股票的激励对象已离职，故不再具备激励对象资格，其已获授但尚未归属的限制性
股票不得办理股份归属；上述 5 名激励对象合计未达归属条件的第二类限制性股票
共计 71,680 股，将由公司按《激励计划（草案修订稿）》等相关规定取消归属并作废。
具体说明如下：
一、股权激励计划已履行的相关审批程序
1、2023 年 10 月 20 日，公司召开了第五届董事会第三次会议和第五届监事会第
三次会议，审议通过了《关于公司第三期限制性股票激励计划（草案）及其摘要的
议案》等相关议案，公司独立董事对此发表了同意的独立意见，公司独立董事战淑
萍就提交股东大会审议的本次激励计划相关议案向全体股东征集了投票权。上海泽
昌律师事务所（以下简称“泽昌律所”）出具了《关于中际旭创股份有限公司第三期
限制性股票激励计划（草案）之法律意见书》。国泰君安证券股份有限公司（以下简
称“国泰君安”）出具了《关于中际旭创股份有限公司第三期限制性股票激励计划（草
案）之独立财务顾问报告》。
2、2023 年 10 月 27 日，公司召开了第五届董事会第四次会议和第五届监事会第
四次会议，审议通过了《关于公司第三期限制性股票激励计划（草案修订稿）及其
摘要的议案》等相关议案，公司独立董事对此发表了同意的独立意见。泽昌律所出
本公司及董事会全体成员保证信息披露","
公司历史资料（仅限本公告发布之前）：
【最近一期定期报告：2025年第三季度报告披露的提示性公告（2025-10-31）主要财务数据】
证券代码：300308 证券简称：中际旭创 公告编号：2025-097
中际旭创股份有限公司
2025 年第三季度报告披露的提示性公告
中际旭创股份有限公司（以下简称“公司”或“中际旭创”）于 2025 年 10
月 29 日召开第五届董事会第二十四次会议，会议审议通过了《关于公司 2025 年
第三季度报告的议案》，为使投资者全面了解公司的经营成果、财务状况及未来发
展规划，公司 2025 年第三季度报告全文于 2025 年 10 月 31 日在中国证监会指定
的创业板上市公司信息披露网站巨潮资讯网（http://www.cninfo.com.cn）上披露，
请投资者注意查阅。
特此公告
中际旭创股份有限公司董事会
2025 年 10 月 31 日
本公司及董事会全体成员保证信息披露内容的真实、准确和完
整，没有虚假记载、误导性陈述或重大遗漏。

【历史公告 2026-03-14：关于调整第四期限制性股票激励计划预留部分授予价格的公告】
证券代码：300308 证券简称：中际旭创 公告编号：2026-016
中际旭创股份有限公司
关于调整第四期限制性股票激励计划预留部分授予价格的公告
中际旭创股份有限公司（以下简称“中际旭创”或“公司”）于2026 年3 月12
日召开第五届董事会第二十八次会议，审议通过了《关于调整第四期限制性股票激
励计划预留部分授予价格的议案》，根据《第四期限制性股票激励计划（草案）》（以
下简称“激励计划”）的规定以及公司2025 年第二次临时股东会的授权，公司对第
四期限制性股票激励计划预留部分的授予价格进行了调整，现将有关事项公告如下：
一、本次激励计划已履行的决策程序
1、2025 年3 月17 日，公司召开了第五届董事会第十九次会议和第五届监事会
第十六次会议，审议通过了《关于公司第四期限制性股票激励计划（草案）及其摘
要的议案》等相关议案，公司独立董事战淑萍就提交股东大会审议的本次激励计划

【历史公告 2026-03-14：关于向第四期限制性股票激励计划激励对象授予预留限制性股票的公告】
证券代码：300308 证券简称：中际旭创 公告编号：2026-017
中际旭创股份有限公司
关于向第四期限制性股票激励计划激励对象
授予预留限制性股票的公告
特别提示：
1、限制性股票种类：第二类限制性股票；
2、限制性股票数量：110.00 万股；
3、限制性股票授予价格：53.10 元/股；
4、限制性股票授予日：2026 年 3 月 12 日。
中际旭创股份有限公司（以下简称“中际旭创”或“公司”）《第四期限制性股
票激励计划（草案）》（以下简称“激励计划”）规定的预留限制性股票授予条件已成
",,
1225238230,300476,胜宏科技,2026-04-29 23:59:59,H股公告-2025年度環境、社會及管治報告,"www.shpcb.com擁  抱  AI   奔  向  未  來
2025
環境、社會及
管治報告
                                  勝宏科技 2 0 2 5 年度環境 、 社會及管治報告 董事長致辭
-02-
尊敬的各位股東 、 員工和利益相關者 ：
大家好 ！
歲月鐫刻光榮夢想 ， 奮鬥描繪壯闊畫卷 。 回顧非凡的 2 0 2 5 年 ， 勝宏科技憑藉戰略 、 技術 、 品質 、 產能 、 大客戶 、 文化優勢 ， 打
了一個漂亮的勝仗 ， 產值市值雙雙創下新高 ， 一次性被納入滬深 3 0 0 、 中證 A 5 0 、 中證 A 1 0 0 ， 位列中國上市企業百強第 6 9 名 ， 在資
本市場影響力越來越大 ； 持續擴大在 A I 算力 、 A I 服務器領域的優勢 ， 贏得了全球眾多頂尖客戶的信賴 ， 擁有了名副其實的 A I 算力
PCB龍 頭 地 位。
擔當社會責任 ， 是企業實現經濟價值與社會價值統一的必然路徑 ， 也是企業家精神的應有之義 。 勝宏科技堅定不移地走在責
任與創新的道路上 ， 以 E S G 實踐築牢責任基石 ， 交出了一份紮實的高質量發展答卷 。
在環境責任領域 ， 我們通過精細化能源管理 ， 持續推進碳排放的減少與能源效率的提升 。 完成了產品碳足跡認證 ， 順利通過
A W S （ 國際可持續水管理 ） 體系年度審核 ， 再次獲得 U L 2 7 9 9 廢棄物零填埋認證鉑金級和能源管理體系年度認證 。
在社會共建層面 ，我們積極回饋社會，持續投身公益事業，廣泛參與教育、醫療、 “百千萬工程”、大型文體活動等公益項目。
報告期內 ， 我們共捐贈 、 贊助 1 , 2 6 7 萬元人民幣 ， 其中 ， 5 0 0 萬元支持惠東高潭新衛生院遷建項目 ； 5 0 0 萬元支持第十五屆全國運動
會及殘特奧","
公司历史资料（仅限本公告发布之前）：
【最近一期定期报告：2025年年度报告披露提示性公告（2026-03-13）主要财务数据】
证券代码：300476 证券简称：胜宏科技 公告编号：2026-018
胜宏科技（惠州）股份有限公司
2025 年年度报告披露提示性公告
本公司及董事会全体成员保证公告内容的真实、准确、完整，没有虚假记载、误导性陈
述或重大遗漏。
胜宏科技（惠州）股份有限公司（以下简称“公司”）于 2026 年 3 月 12 日
召开第五届董事会第十三次会议，审议通过了《关于公司<2025 年年度报告>及
其摘要的议案》。
公司《2025 年年度报告》全文及摘要已于 2026 年 3 月 13 日在中国证监会
指定创业板信息披露网站巨潮资讯网（http://www.cninfo.com.cn）上披露，敬请
投资者注意查阅。
特此公告。
胜宏科技（惠州）股份有限公司
董事会
2026 年 3 月 13 日

【历史公告 2026-01-16：2025年度业绩预告】


【历史公告 2026-04-09：2025年年度分红派息实施公告】


【历史公告 2026-04-22：关于悉数行使超额配售权的公告】
1
证券代码：300476 证券简称：胜宏科技 公告编号：2026-046
胜宏科技（惠州）股份有限公司
关于悉数行使超额配售权的公告
本公司及董事会全体成员保证信息披露内容的真实、准确和完整，没有虚假
记载、误导性陈述或重大遗漏。
经香港联合交易所有限公司（以下简称“香港联交所”）批准，胜宏科技（惠
州）股份有限公司（以下简称“公司”）发行的 95,850,000 股 H 股股票（行使超额
配售权之前）已于 2026 年 4 月 21 日在香港联交所主板挂牌并上市交易（以下简
称“本次发行上市”）。公司 H 股股票中文简称为“勝宏科技”，英文简称为“VGT”，
股 票 代码 为“2476”。 具体内容 详见公司于 2026 年 4 月 21 日在巨潮资讯网
（http://www.cninfo.com.cn）上披露的《关于境外上市外资股（H 股）挂牌并上
市交易的公告》（公告编号：202",,
1224696322,688256,寒武纪,2025-10-01 23:59:59,2025年度向特定对象发行A股股票发行情况报告书," 
 
 
 
 
 
 
中科寒武纪科技股份有限公司 
 
2025 年度向特定对象发行 A 股股票 
 
发行情况报告书 
 
 
保荐人（主承销商） 
 
广东省深圳市福田区中心三路 8 号卓越时代广场（二期）北座 
 
 
 
二〇二五年九月 
 
1 
发行人全体董事、监事及高级管理人员声明 
本公司全体董事、 监事及高级管理人员承诺本发行情况报告书不存在虚假记
载、误导性陈述或重大遗漏，并对其真实性、准确性、完整性承担相应的法律责
任。 
 
 
全体董事签名： 
     
陈天石  刘新宇  金晓光 
     
刘少礼  王  在  叶淏尹 
     
胡燏翀  吕红兵  王秀丽 
 
 
 
中科寒武纪科技股份有限公司 
 
年    月    日 
  
 
2 
  
 
3 
发行人全体董事、监事及高级管理人员声明 
本公司全体董事、 监事及高级管理人员承诺本发行情况报告书不存在虚假记
载、误导性陈述或重大遗漏，并对其真实性、准确性、完整性承担相应的法律责
任。 
 
 
 
全体监事签名： 
 
 
 
 
 
 
 
中科寒武纪科技股份有限公司 
 
年    月    日 
  
     
王敦纯  李  一  胡  帅 
 
4 
发行人全体董事、监事及高级管理人员声明 
本公司全体董事、 监事及高级管理人员承诺本发行情况报告书不存在虚假记
载、误导性陈述或重大遗漏，并对其真实性、准确性、完整性承担相应的法律责
任。 
 
 
全体高级管理人员签名： 
 
 
 
 
中科寒武纪科技股份有限公司 
年    月    日 
     
陈天石  陈  帅  刘少礼 
刘  毅  王  在  叶淏尹 
张  尧     
 
5 
目  录 
释  义............................................","
公司历史资料（仅限本公告发布之前）：
【历史公告 2025-09-17：2025年度向特定对象发行A股股票募集说明书（注册稿）】
股票简称：寒武纪            股票代码：688256 
 
 
 
中科寒武纪科技股份有限公司 
2025 年度向特定对象发行 A 股股票 
募集说明书 
（注册稿） 
 
 
保荐机构（主承销商） 
 
广东省深圳市福田区中心三路 8 号卓越时代广场（二期）北座 
二〇二五年九月 
中科寒武纪科技股份有限公司                                  2025 年度向特定对象发行 A 股股票募集说明书 
1-1-1 
声  明 
本公司及全体董事、 监事、 高级管理人员承诺募集说明书及其他信息披露资料不存
在任何虚假记载、 误导性陈述或重大遗漏， 并对其真实性、 准确性及完整性承担连带赔
偿责任。 
公司负责人、 主管会计工作负责人及会计机构负责人保证募集说明书中财务会计资
料真实、完整。 
中国证券监督管理委员会、 上海证券交易所对本次发行所作的任何决

【历史公告 2025-09-10：关于2025年度向特定对象发行A股股票申请收到中国证券监督管理委员会同意注册批复的公告】
证券代码：688256     证券简称：寒武纪     公告编号：2025-054
中科寒武纪科技股份有限公司
关于 2025 年度向特定对象发行 A 股股票申请
收到中国证券监督管理委员会同意注册批复的公告
中科寒武纪科技股份有限公司（以下简称“公司”）于近日收到中国证券监督管
理委员会（以下简称“证监会”）出具的《关于同意中科寒武纪科技股份有限公司向
特定对象发行股票注册的批复》（证监许可【2025】1969号）（以下简称“《批复
文件》”），具体内容如下：
“一、同意你公司向特定对象发行股票的注册申请。
二、你公司本次发行应严格按照报送上海证券交易所的申报文件和发行方案
实施。
三、本批复自同意注册之日起12个月内有效。
四、自同意注册之日起至本次发行结束前，你公司如发生重大事项，应及时
报告上海证券交易所并按有关规定处理。”
公司董事会将按照上述批复文件和相关法律法规的要求以及公",,
1225486596,300502,新易盛,2026-08-21 23:59:59,2026年限制性股票激励计划自查表,"成都新易盛通信技术股份有限公司
2026 年限制性股票激励计划自查表
公司简称：新易盛 股票代码：300502 独立财务顾问(如有)：无
序号 事项
是否存在该
事项（是/否/
不适用）
备注
上市公司合规性要求
1 最近一个会计年度财务会计报告是否被注册会计师出具否定意
见或者无法表示意见的审计报告 否
2 最近一个会计年度财务报告内部控制被注册会计师出具否定意
见或者无法表示意见的审计报告 否
3 上市后最近 36 个月内出现过未按法律法规、公司章程、公开承
诺进行利润分配的情形 否
4 是否存在其他不适宜实施股权激励的情形 否
5 是否已经建立绩效考核体系和考核办法 是
6 是否为激励对象提供贷款以及其他任何形式的财务资助 否
激励对象合规性要求
7
是否包括单独或者合计持有上市公司 5%以上股份的股东或者
实际控制人及其配偶、父母、子女以及外籍员工，如是，是否
说明前述人员成为激励对象的必要性、合理性
是
8 是否包括独立董事 否
9 是否最近 12 个月内被证券交易所认定为不适当人选 否
10 是否最近 12 个月内被中国证监会及其派出机构认定为不适当
人选 否
11 是否最近 12 个月内因重大违法违规行为被中国证监会及其派
出机构行政处罚或者采取市场禁入措施 否
12 是否具有《公司法》规定的不得担任公司董事、高级管理人员
情形 否
13 是否存在其他不适宜成为激励对象的情形 否
14 激励名单是否经薪酬与考核委员会核实 是
激励计划合规性要求
15 上市公司全部在有效期内的股权激励计划所涉及的标的股票总
数累计是否超过公司股本总额的 20% 否16 单一激励对象累计获授股票是否超过公司股本总额的 1% 否
17 激励对象预留权益比例是否未超过本次股权激励计划拟授予权
益数量的 20% 是
18
激励对象为董事、高级管理人员、单独或合计持股 5%以上股东
或实","
公司历史资料（仅限本公告发布之前）：
【最近一期定期报告：关于2025年年度报告披露的提示性公告（2026-04-24）主要财务数据】
证券代码： 300502 证券简称： 新易盛 公告编号： 2026-010
成都新易盛通信技术股份有限公司
关于 2025 年年度报告披露的提示性公告
本公司及董事会全体成员保证信息披露的内容真实、准确、完整，没有虚假
记载、误导性陈述或重大遗漏。
2026 年 4 月 23 日，成都新易盛通信技术股份有限公司（以下简称“公司”）
召开了第五届董事会第十三次会议，审议通过了公司《2025 年年度报告》全文
及其摘要的相关议案。
为使投资者全面了解公司 2025 年度经营情况、财务状况及未来发展规划，
公司《2025 年年度报告》、《2025 年年度报告摘要》于 2026 年 4 月 24 日在中国
证监会指定的创业板信息披露网站巨潮资讯网（http://www.cninfo.com.cn）披
露，敬请投资者注意查阅。
特此公告。
成都新易盛通信技术股份有限公司
董事会
2026 年 4 月 23 日

【历史公告 2026-04-24：2025年度内部控制自我评价报告】
成都新易盛通信技术股份有限公司
2025 年度内部控制自我评价报告
成都新易盛通信技术股份有限公司全体股东：
根据《企业内部控制基本规范》及其配套指引的规定和其他内部控制监管要
求(以下简称企业内部控制规范体系)，结合公司内部控制制度和评价办法以及经
营管理实际状况，在内部控制日常监督和专项监督的基础上,我们对公司 2025
年 12 月 31 日（内部控制评价报告基准日）的内部控制有效性进行了评价。
一、重要声明
按照企业内部控制规范体系的规定，建立健全和有效实施内部控制，评价其
有效性，并如实披露内部控制评价报告是公司董事会的责任。经理层负责组织领
导企业内部控制的日常运行。公司董事会、董事、高级管理人员保证本报告内容
不存在任何虚假记载、误导性陈述或重大遗漏，并对报告内容的真实性、准确性
和完整性承担个别及连带法律责任。
公司内部控制的目标是合理保证经营管理合法合规、资产安全、财务报

【历史公告 2025-09-30：成都新易盛通信技术股份有限公司股东询价转让计划书】


【历史公告 2025-09-11：成都新易盛通信技术股份有限公司2025年第一次临时股东大会决议公告】
",,
1225261221,600150,中国船舶,2026-04-30 23:59:59,中国船舶工业股份有限公司关于为公司董事及高级管理人员购买责任险的公告,"1
证券代码：600150 证券简称：中国船舶 公告编号：2026-014
中国船舶工业股份有限公司
关于为公司董事及高级管理人员购买责任险的公告
中国船舶工业股份有限公司（以下简称“公司”）于 2026 年 4 月 28 日
召开公司第九届董事会第七次会议，审议通过了《关于为公司董事及高级管
理人员购买责任险的预案》。现将有关情况公告如下：
为进一步强化和完善公司治理与风险管控体系，降低公司运营风险，促
进公司董事及高级管理人员在各自职责范围内充分行使权利、有效履行职
责，结合公司重组整合后的运作实际，公司拟为董事及高级管理人员购买责
任险。相关方案如下：
1.投保人：中国船舶工业股份有限公司
2.被保险人：董事、高级管理人员
3.累计责任限额：1.5 亿元人民币
4.保费金额：不超过 50 万元人民币（具体以保险公司最终报价审批数
据为准）
5.保险期间：1 年（后续每年可续保）
以上事项还需提交公司股东会审议。股东会审议通过后，授权公司管理
层在上述条件范围内办理董事和高级管理人员责任险具体购买事宜（包括
但不限于确定保险公司、保险费及其他保险条款；签署相关法律文件及处理
本公司董事会及全体董事保证本公告内容不存在任何虚假记载、误导性陈述
或者重大遗漏，并对其内容的真实性、准确性和完整性承担法律责任。2
与投保相关的其他事项等），以及在今后董事和高级管理人员责任险保险合
同期满时或之前办理与续保或者重新投保等相关事宜。
特此公告。
中国船舶工业股份有限公司董事会
2026 年 4 月 30 日","
公司历史资料（仅限本公告发布之前）：
【最近一期定期报告：中国船舶工业股份有限公司2025年第三季度报告（2025-10-29）主要财务数据】
主要财务数据
（一） 主要会计数据和财务指标
单位：元 币种：人民币
项目 本报告期
上年同期
本报告期
比上年同
期增减变
动幅度(%)
年初至报告期末
上年同期
年初至报告
期末比上年
同期增减变
动幅度(%)
调整前 调整后 调整后 调整前 调整后 调整后
营业收入 34,763,145,858.61 20,152,032,380.59 33,184,619,044.24 4.76 107,402,803,784.70 56,168,631,873.14 91,047,386,926.35 17.96
利润总额 2,890,924,697.45 959,306,054.70 1,382,621,670.88 109.09 8,273,340,148.64 2,492,296,940.90 3,486,773,584.50 137.28
归属于上市公
司股东的净利
润
2,074,459,897.57 858,303,961.53 1,050,061,606.43 97.56 5,851,780,413.25 2,270,650,101.32 2,716,582,826.78 115.41
归属于上市公
司股东的扣除
非经常性损益
的净利润
1,491,230,460.93 773,371,661.73 773,371,661.73 92.82 4,381,923,160.39 1,971,672,648.36 1,971,672,648.36 122.24
经营活动产生
的现金流量净
额
不适用 不适用 不适用 不适用 3,094,731,394.80 2,327,602,933.48 7,691,535,043.06 -59.76中国船舶工业股份有限公司 2025年第三季度报告
2 / 12
基本每股收益
（元/股）
0.350 0.192 0.177 97.74 0.987 0.508 0.458 115.50
稀释每股收益
（元/股）
0.350 0.192 0.177 97.74 0.987 0.508 0.458 115.50
加权平均净资
产收益率（%）
2.16 1.75 1.13 91.15 6.20 4.63 3.01 105.98
本报告期末
上年度末
本报告期末比上年度末增减变动
幅度(%)
调整前 调整后 调整后
总资产 406,022,551,603.91 181,976,769,308.99 403,639,151,728.16 0.59
归属于上市公
司股东的所有
者权益
141,137,504,528.14 50,899,798,605.37 92,104,183,250.95",,
1225362362,601138,工业富联,2026-06-11 23:59:59,富士康工业互联网股份有限公司关于2022年员工持股计划第三个锁定期届满暨解锁条件成就的公告,"证券代码：601138 证券简称：工业富联 公告编号：2026-026 号
富士康工业互联网股份有限公司
关于 2022 年员工持股计划第三个锁定期届满暨
解锁条件成就的公告
本公司董事会及全体董事保证本公告内容不存在任何虚假记载、误导性陈述或
者重大遗漏，并对其内容的真实性、准确性和完整性承担法律责任。
富士康工业互联网股份有限公司（以下简称“公司”）于 2022 年 6 月 1 日召开的
公司第二届董事会第二十二次会议、第二届监事会第十九次会议及于 2022 年 6 月 23
日召开的公司 2021 年年度股东大会审议通过了《关于<富士康工业互联网股份有限公
司 2022 年员工持股计划（草案）>及摘要的议案》及《关于<富士康工业互联网股份有
限公司 2022 年员工持股计划管理办法>的议案》等相关议案。具体内容详见公司分别
于 2022 年 6 月 2 日、2022 年 6 月 24 日在上海证券交易所网站（www.sse.com.cn）及
指定媒体披露的《富士康工业互联网股份有限公司第二届董事会第二十二次会议决议
公告》（公告编号：临 2022-044）、《富士康工业互联网股份有限公司第二届监事会第十
九次会议决议公告》（公告编号：临 2022-045）、《富士康工业互联网股份有限公司 2022
年员工持股计划（草案）》及其摘要、《富士康工业互联网股份有限公司 2022 年员工持
股计划管理办法》《富士康工业互联网股份有限公司 2021 年年度股东大会决议公告》
（公告编号：2022-056）以及《富士康工业互联网股份有限公司 2022 年员工持股计划》
（以下简称“本次员工持股计划” 或“《2022 年员工持股计划》”）。公司于 2024 年 6
月 11 日召开了公司第三届董事会第十二次会议和公司第三届监事会第十次会议，审
议通过了《关于 2022 年员工持股计","
公司历史资料（仅限本公告发布之前）：
【最近一期定期报告：富士康工业互联网股份有限公司2026年第一季度报告（2026-04-29）主要财务数据】
主要财务数据
(一)主要会计数据和财务指标
单位：千元 币种：人民币
项目 本报告期 上年同期
本报告期比上年
同期增减变动幅
度(%)
营业收入 251,078,078 160,415,051 56.52
利润总额 12,323,577 5,885,332 109.39
归属于上市公司股东的净利润 10,594,857 5,230,775 102.55
归属于上市公司股东的扣除非经常
性损益的净利润
10,249,511 4,902,819 109.05
经营活动产生的现金流量净额 25,024,028 1,299,139 1,826.20
基本每股收益（元/股） 0.53 0.26 103.85
稀释每股收益（元/股） 0.53 0.26 103.85富士康工业互联网股份有限公司2026 年第一季度报告
2 / 13
加权平均净资产收益率（%） 6.18 3.48
增加 2.70 个百分
点
本报告期末 上年度末
本报告期末比上
年度末增减变动
幅度(%)
总资产 457,187,995 456,223,822 0.21
归属于上市公司股东的所有者权益 176,218,112 166,778,112 5.66
业务板块方面：
2026 年第一季度，受益于 AI 算力需求持续爆发，公司产品结构持续优化，主营业务经营效
益实现稳步提升。
云计算业务方面，板块营业收入同比增长 1 倍。客户覆盖范围持续拓展深化，同时产线自动
化交付水平持续升级，整体出货效率稳步增强。AI GPU 机柜同比出货量增长 3.8 倍，AI ASIC 服
务器出货量同比增长 3.2 倍。报告期内，部分云服务商客户新增订单的原材料采购模式由 buy and
sell 模式转为 consign 模式。
通讯及移动网络设备方面，公司紧扣数字经济建设与人工智能产业发展机遇，凭借深厚技术
积淀与持续高强度研发投入，稳步深化 AI 相关业务战略布局。2026 年第一季度，800G 及以上高
速交换机出货量同比增长 1.6 倍，环比增长 46%，CPO 全光交换机样机开始出货。
(二)非经常性损益项目和金额
√适用 □不适用
单位:千元 币种:人民币
非经常性损益项目 本期金额 说明
非流动性资产处置损益，包括已计提资产减值准备的冲销部分 7,512
计入当期损益的政府补助，但与公司正常经营业务密切相关、符合
国家政策规定、按照确定的标准享有、对公司损益产生持续影响的
政府补助除外
108,728
除同公司正常经营业务相关的有效套期保值业务外，非金融企业持
有金融资产和金融负债产生的公允价值变动损益以及处置金融资产
和金融负债产生的损益
346,362",,
1225056492,300308,中际旭创,2026-03-31 23:59:59,未来三年（2026年-2028年）股东回报规划,"中际旭创股份有限公司
未来三年（2026 年-2028 年）股东回报规划
为进一步建立和完善中际旭创股份有限公司（以下简称“公司”）科学、持续、
稳定的股东回报机制，增加利润分配政策决策的透明度和可操作性，切实保护公众投
资者合法权益，根据《公司法》《证券法》《上市公司监管指引第 3 号—上市公司现金
分红》等有关法律、法规以及《公司章程》的有关规定，公司制定了《中际旭创股份
有限公司未来三年（2026 年-2028 年）股东回报规划》，具体内容如下：
一、制定股东回报规划的考虑因素
公司着眼于长远利益、全体股东的整体利益及公司的可持续发展，在综合考虑公
司经营发展实际、股东要求和意愿、社会资金成本、外部融资环境等因素的基础上，
充分考虑公司目前及发展所处阶段、未来盈利规模、现金流量状况、项目投资资金需
求、债务融资环境等情况，统筹考虑股东的短期利益和长期利益，建立对投资者持续、
稳定、科学的回报机制。
二、制定股东回报规划的基本原则
公司制定股东回报规划应遵循《公司法》《证券法》等相关法律、法规、规范性
文件和《公司章程》的规定，本着兼顾投资者的合理投资回报及公司的持续良好发展
的原则，同时充分考虑、听取并采纳公司独立董事和中小股东的意见，保证股利分配
政策的稳定性和可行性，通过建立更加科学、合理的投资者回报机制，保证股东长期
利益的最大化。
三、未来三年（2026 年-2028 年）的股东回报规划
1、公司实行持续、稳定的利润分配政策，公司利润分配应重视对投资者的合理
投资回报，并兼顾公司的可持续发展。公司利润分配不得超过累计可供分配利润的范
围，不得损害公司持续经营能力。在公司当年经审计的净利润为正数且符合《公司法》
规定的利润分配条件的情况下，原则上每年度进行一次现金分红。在有条件的情况下，
公司可以进行中期利润分配。中际旭创未来三年（2026 年-2028 年）股","
公司历史资料（仅限本公告发布之前）：
【最近一期定期报告：2025年第三季度报告披露的提示性公告（2025-10-31）主要财务数据】
证券代码：300308 证券简称：中际旭创 公告编号：2025-097
中际旭创股份有限公司
2025 年第三季度报告披露的提示性公告
中际旭创股份有限公司（以下简称“公司”或“中际旭创”）于 2025 年 10
月 29 日召开第五届董事会第二十四次会议，会议审议通过了《关于公司 2025 年
第三季度报告的议案》，为使投资者全面了解公司的经营成果、财务状况及未来发
展规划，公司 2025 年第三季度报告全文于 2025 年 10 月 31 日在中国证监会指定
的创业板上市公司信息披露网站巨潮资讯网（http://www.cninfo.com.cn）上披露，
请投资者注意查阅。
特此公告
中际旭创股份有限公司董事会
2025 年 10 月 31 日
本公司及董事会全体成员保证信息披露内容的真实、准确和完
整，没有虚假记载、误导性陈述或重大遗漏。

【历史公告 2025-09-26：关于公司参与投资国泰海通中际旭创产业基金的公告】
证券代码：300308 证券简称：中际旭创 公告编号：2025-093
中际旭创股份有限公司
关于公司参与投资国泰海通中际旭创产业基金的公告
一、对外投资概述
中际旭创股份有限公司（以下简称“公司”或“中际旭创”）于 2025 年 9 月 26
日召开第五届董事会第二十三次会议，审议通过了《关于公司参与投资国泰海通产
业基金的议案》，公司拟以自有资金 35,400 万元认购国泰海通中际旭创科技股权投资
基金（昆山）合伙企业（有限合伙）（具体名称以工商登记为准，以下简称“国泰海
通中际旭创产业基金”或“基金”）的出资份额，并成为该合伙企业的有限合伙人。
本次投资完成后，公司将持有合伙企业 23.60%的出资份额。
根据《深圳证券交易所创业板股票上市规则》《上市公司自律监管指引第 7 号—
—交易与关联交易》等法律法规以及《公司章程》的相关规定，本次对外投资事项
在公司董事会对外投资审批权限内

【历史公告 2025-09-10：关于全资子公司参与投资乾融园丰基金的公告】
证券代码：300308 证券简称：中际旭创 公告编号：2025-086
中际旭创股份有限公司
关于全资子公司参与投资乾融园丰基金的公告
一、对外投资概述
中际旭创股份有限公司（以下简称“公司”或“中际旭创”）全资子公司中际旭
创（上海） 投资有限公司（以下简称“旭创投资”）拟以自有资金 2,000 万元认购苏
州乾融园丰二期创业投资合伙企业（有限合伙）（以下简称“乾融园丰”或“基金”，
具体名称以后续工商登记为准）的出资份额，并成为该合伙企业的有限合伙人。根
据《苏州乾融园丰二期创业投资合伙企业（有限合伙）》（以下简称“本协议”）",,
1225552060,300502,新易盛,2026-09-07 19:00:08,关于调整2026年限制性股票激励计划首次授予激励对象名单的公告,"证券代码：300502 证券简称：新易盛 公告编号：2026-053
成都新易盛通信技术股份有限公司
关于调整 2026 年限制性股票激励计划首次授予
激励对象名单的公告
成都新易盛通信技术股份有限公司（以下简称“公司”）于 2026 年 9 月 7
日召开第五届董事会第十七次会议，审议通过了《关于调整 2026 年限制性股票
激励计划首次授予激励对象名单的议案》。根据《上市公司股权激励管理办法》
（以下简称“《管理办法》”）及公司《2026 年限制性股票激励计划（草案）》（以
下简称“《激励计划（草案）》”、“本激励计划”）的相关规定，并根据公司 2026
年第三次临时股东会的授权，公司董事会对本激励计划首次授予激励对象名单进
行了调整。现将有关事项说明如下：
一、限制性股票激励计划已履行的相关审批程序
（一）2026年8月20日，公司召开第五届董事会第十五次会议，审议通过了
《关于公司<2026年限制性股票激励计划(草案)>及其摘要的议案》《关于公司
<2026年限制性股票激励计划实施考核管理办法>的议案》《关于提请股东会授权
董事会办理股权激励相关事宜的议案》等议案。公司董事会薪酬与考核委员会对
本激励计划的相关事项进行核实并出具了相关核查意见。
（二）2026年8月21日至2026年8月31日，公司对本激励计划拟激励对象的姓
名和职务通过公司内网共享平台进行了公示。截至公示期满，公司董事会薪酬与
考核委员会未收到与本激励计划拟激励对象有关的任何异议。2026年9月1日，公
司董事会薪酬与考核委员会披露了《董事会薪酬与考核委员会关于2026年限制性
股票激励计划首次授予激励对象名单的核查意见及公示情况说明》。
（三）2026年9月7日，公司召开2026年第三次临时股东会，审议并通过了《关
本公司及董事会全体成员保证信息披露内容的真实、准确、完整，没有虚假
记载、误导性","
公司历史资料（仅限本公告发布之前）：
【最近一期定期报告：关于2026年半年度报告披露的提示性公告（2026-08-25）主要财务数据】
证券代码： 300502 证券简称： 新易盛 公告编号： 2026-047
成都新易盛通信技术股份有限公司
关于 2026 年半年度报告披露的提示性公告
本公司及董事会全体成员保证信息披露的内容真实、准确、完整，没有虚假
记载、误导性陈述或重大遗漏。
2026 年 8 月 24 日，成都新易盛通信技术股份有限公司（以下简称“公司”）
召开了第五届董事会第十六次会议，审议通过了公司 2026 年半年度报告全文及
其摘要。
为使投资者全面了解本公司的经营情况、财务状况及未来发展规划，公司
《2026 年半年度报告》、《2026 年半年度报告摘要》于 2026 年 8 月 25 日在中国
证监会指定的创业板信息披露网站巨潮资讯网（http://www.cninfo.com.cn）披
露，敬请投资者注意查阅。
特此公告。
成都新易盛通信技术股份有限公司
董事会
2026 年 8 月 24 日

【历史公告 2026-08-25：关于调整2024年限制性股票激励计划首次及预留授予限制性股票授予价格及权益数量的公告】
证券代码：300502 证券简称：新易盛 公告编号：2026-048
成都新易盛通信技术股份有限公司
关于调整 2024 年限制性股票激励计划首次及预留授予
限制性股票授予价格及权益数量的公告
成都新易盛通信技术股份有限公司（以下简称“公司”）于 2026 年 8 月 24
日召开第五届董事会第十六次会议，审议通过了《关于调整 2024 年限制性股票
激励计划首次及预留授予限制性股票授予价格及权益数量的议案》，现将相关调
整内容公告如下：
一、股权激励计划已履行的相关审批程序
1、2024 年 1 月 3 日，公司召开第四届董事会第十六次会议，审议通过了《关
于公司<2024 年限制性股票激励计划(草案)>及其摘要的议案》《关于公司<2024
年限制性股票激励计划实施考核管理办法>的议案》《关于提请股东大会授权董
事会办理股权激励相关事宜的议案》等议案。同日，公司召开第四届监事会第十
六次

【历史公告 2026-04-24：关于作废部分限制性股票的公告】
证券代码：300502 证券简称：新易盛 公告编号：2026-021
成都新易盛通信技术股份有限公司
关于作废部分限制性股票的公告
本公司及董事会全体成员保证信息披露的内容真实、准确、完整，没有虚假
记载、误导性陈述或重大遗漏。
根据成都新易盛通信技术股份有限公司（以下简称“公司”或“新易盛”）
于 2026 年 4 月 23 日召开第五届董事会第十三次会议，审议通过了《关于作废部
分限制性股票的议案》，现将相关内容公告如下：
一、股权激励计划简述及已履行的相关审批",,
1225007459,300476,胜宏科技,2026-03-13 23:59:59,非经营性资金占用及其他关联资金往来情况汇总表,"汇总表第 1页
胜宏科技（惠州）股份有限公司 2025 年度
非经营性资金占用及其他关联资金往来情况汇总表
单位：万元
非经营性资金占用 资金占用方名称 占用方与上市公
司的关联关系
上市公司核算
的会计科目
2025 年期初
占用资金余
额
2025 年度占用累计发
生金额（不含利息）
2025 年度占用资
金的利息(如有)
2025 年度偿还
累计发生金额
2025 年期末
占用资金余额 占用形成原因 占用性质
控股股东、实际控制人
及其附属企业
非经营性占用
非经营性占用
小计
前控股股东、实际控制
人及其附属企业
非经营性占用
非经营性占用
小计
其 他 关 联 方 及 附 属 企
业 非经营性占用
小计
总计
其它关联资金往来 资金往来方名称 往来方与上市公
司的关联关系
上市公司核算
的会计科目
2025 年期初
往来资金余
额
2025 年度往来累计发
生金额（不含利息）
2025 年度往来资
金的利息(如有)
2025 年度偿还
累计发生金额
2025 年期末
往来资金余额 往来形成原因
往来性质
（经营性往来、 非经营性
往来）
控股股东、实际控制人
及其附属企业
上 市 公 司 的 子 公 司 及
其附属企业
惠州市胜宏精密技术有限公司 全资子公司 应收账款 2.10 0.20 2.30 材料销售 经营性资金往来
惠州市胜宏精密技术有限公司 全资子公司 其他应收款 3,049.07 34,562.25 26,968.40 10,642.92 往来款 非经营性资金往来
VICTORY GIANT TECHNOLOGY (THAILAND) CO., LTD. 全资子公司 应收账款 2,904.44 1,540.21 1,364.23 商品销售 经营性资金往来
VICTORY GIANT TECHNOLOGY (THAILAND) CO., LTD. 全资子","
公司历史资料（仅限本公告发布之前）：
【最近一期定期报告：2025年三季度报告（2025-10-28）主要财务数据】
主要财务数据
（一） 主要会计数据和财务指标
公司是否需追溯调整或重述以前年度会计数据
□是 否
本报告期 本报告期比上年同期
增减 年初至报告期末 年初至报告期末比上
年同期增减
营业收入（元） 5,086,426,434.81 78.95% 14,117,292,798.89 83.40%
归属于上市公司股东
的净利润（元） 1,101,706,640.17 260.52% 3,244,826,449.42 324.38%
归属于上市公司股东
的扣除非经常性损益
的净利润（元）
1,098,855,899.19 247.73% 3,248,027,382.51 317.75%
经营活动产生的现金
流量净额（元） -- -- 2,383,398,963.00 94.28%
基本每股收益（元/
股） 1.28 255.56% 3.78 324.72%
稀释每股收益（元/
股） 1.25 247.22% 3.75 321.35%
加权平均净资产收益
率 7.58% 3.87% 29.06% 19.51%
本报告期末 上年度末 本报告期末比上年度末增减
总资产（元） 30,612,476,407.28 19,175,313,194.03 59.65%
归属于上市公司股东
的所有者权益（元） 15,171,274,574.05 8,927,933,410.11 69.93%
（二） 非经常性损益项目和金额
适用 □不适用
单位：元
项目 本报告期金额 年初至报告期期末金额 说明
非流动性资产处置损益（包
括已计提资产减值准备的冲
销部分）
-13,934,778.91 -30,114,305.97
计入当期损益的政府补助
（与公司正常经营业务密切
相关、符合国家政策规定、
按照确定的标准享有、对公
司损益产生持续影响的政府
补助除外）
16,087,456.75 32,512,713.93
除同公司正常经营业务相关
的有效套期保值业务外，非
金融企业持有金融资产和金
融负债产生的公允价值变动
损益以及处置金融资产和金
融负债产生的损益
-29,066.06
委托他人投资或管理资产的
损益 856,000.00 908,180.00
除上述各项之外的其他营业
外收入和支出 233,444.87 -7,039,617.32
减：所得税影响额 362,315.67 -532,096.27胜宏科技（惠州）股份有限公司 2025 年第三季度报告
3
合计 2,850,740.98 -3,200,933.09 --
其他符合非经常性损益定义的损益项目的具体情况：
□适用 不适用
公司不存在其他符合非经常性损益定义的损益项目的具体情况。
将《公开发行证券",,
1225261117,600150,中国船舶,2026-04-30 23:59:59,天职国际关于中国船舶工业股份有限公司2025年度控股股东及其他关联方资金占用情况的专项说明,,"
公司历史资料（仅限本公告发布之前）：
【最近一期定期报告：中国船舶工业股份有限公司2025年第三季度报告（2025-10-29）主要财务数据】
主要财务数据
（一） 主要会计数据和财务指标
单位：元 币种：人民币
项目 本报告期
上年同期
本报告期
比上年同
期增减变
动幅度(%)
年初至报告期末
上年同期
年初至报告
期末比上年
同期增减变
动幅度(%)
调整前 调整后 调整后 调整前 调整后 调整后
营业收入 34,763,145,858.61 20,152,032,380.59 33,184,619,044.24 4.76 107,402,803,784.70 56,168,631,873.14 91,047,386,926.35 17.96
利润总额 2,890,924,697.45 959,306,054.70 1,382,621,670.88 109.09 8,273,340,148.64 2,492,296,940.90 3,486,773,584.50 137.28
归属于上市公
司股东的净利
润
2,074,459,897.57 858,303,961.53 1,050,061,606.43 97.56 5,851,780,413.25 2,270,650,101.32 2,716,582,826.78 115.41
归属于上市公
司股东的扣除
非经常性损益
的净利润
1,491,230,460.93 773,371,661.73 773,371,661.73 92.82 4,381,923,160.39 1,971,672,648.36 1,971,672,648.36 122.24
经营活动产生
的现金流量净
额
不适用 不适用 不适用 不适用 3,094,731,394.80 2,327,602,933.48 7,691,535,043.06 -59.76中国船舶工业股份有限公司 2025年第三季度报告
2 / 12
基本每股收益
（元/股）
0.350 0.192 0.177 97.74 0.987 0.508 0.458 115.50
稀释每股收益
（元/股）
0.350 0.192 0.177 97.74 0.987 0.508 0.458 115.50
加权平均净资
产收益率（%）
2.16 1.75 1.13 91.15 6.20 4.63 3.01 105.98
本报告期末
上年度末
本报告期末比上年度末增减变动
幅度(%)
调整前 调整后 调整后
总资产 406,022,551,603.91 181,976,769,308.99 403,639,151,728.16 0.59
归属于上市公
司股东的所有
者权益
141,137,504,528.14 50,899,798,605.37 92,104,183,250.95",,
1225347119,601127,赛力斯,2026-06-03 23:59:59,H股股份奖励计划,"ᒄɢ౶
Hྌ2
ᙑ່
Aה׸
ɛ͏࿆ 1.00ٰ
AܸAϞɛ
̈ਯ Hྼყ
ಥᑌ
ᅄ൬ʿՉ˼΂Оቇ͜ϓ͉
ʿක˕
ʘ˚ಂ
ࠅ
ಥɪ̹஝
ۆ
˸Չ˼˙ό
ҷ
଄່
ٙHٰ
໨ԫึ
׵࢕2007 ϋ5 ˜11 ˚
׵2011 ϋ4 ˜29 ˚ҷ
ʮ̡dՉ Aɪ̹
ୃ˾ᇁj601127d ՉHٰ
ୃ˾ᇁj99273
଄່
͉ʮ̡໨ԫ
଄່
଄່
଄່
ٙ
˚ಂd
˚
଄່
ዧᎸ࿁൥ 
બɛ
ਞၾ٫
᙮ʮ̡
Hٙ
ɛ͏࿆ 1.00ٰ
HܸHϞɛ
ਜ
ۆ
ึ4
ʮ̡
଄່
ۆ
଄່
ʕശɛ͏΍ձ਷
א
ཧ
଄່
஬࿆
ٙHۃ
ࠈࡌࣛ
ɛɻdу໨ԫ
ᔷબᛆɛɻ
଄່
଄່
ਕ౤Զ٫ 
ᕘ
଄່
Էୋ571 ௝
΅ᆤᎸ5
ܼAʿHٰ
ܼAʿ H؇ٰٰ
ה׸
ۆ
଄່
଄່
˚ɿ
଄່
ৄ
ࣛ

଄່
ա
ಁ˾աৄɛ
ٰ֛ٙ
˚ಂ
ಂග
%ϵʱˢ6
̮j
(1) i
(2) ගi
(3)  i
(4) ׌
йi
(5) dԨʔᅂᚤՉ༆ᙑi
(6) ݁
ΥྫΆุeዹ༟Άุeዚ࿴eʮ
ɛήЗ i
(7) א
΂Оྠ᜗i
(8) אࠈࡌ
ٙ
݊
ڝ
i
(9) dѩᏐ
dϾί΂О
މ
ટ൚ଡ଼ Όᛆ i
(10) π H೯
π Hf","
公司历史资料（仅限本公告发布之前）：
【最近一期定期报告：2026年第一季度报告（2026-04-30）主要财务数据】
主要财务数据
(一)主要会计数据和财务指标
单位：元 币种：人民币
项目 本报告期 上年同期
本报告期比上
年同期增减变
动幅度(%)
营业收入 25,745,711,786.75 19,147,080,403.63 34.46
利润总额 848,859,149.04 891,770,580.14 -4.81
归属于上市公司股东的净
利润
754,464,672.82 747,793,485.81 0.89
归属于上市公司股东的扣
除非经常性损益的净利润
102,900,401.65 393,854,971.81 -73.87
经营活动产生的现金流量
净额
-20,950,295,141.48 -7,630,293,915.39 不适用
基本每股收益（元/股） 0.43 0.50 -14.00赛力斯集团股份有限公司 2026年第一季度报告
2 / 11
稀释每股收益（元/股） 0.43 0.50 -14.00
加权平均净资产收益率
（%）
1.83 5.90
减少 4.07 个百
分点
本报告期末 上年度末
本报告期末比
上年度末增减
变动幅度(%)
总资产 123,747,865,038.34 143,905,863,420.75 -14.01
归属于上市公司股东的所
有者权益
41,310,177,392.59 40,918,132,577.88 0.96
(二)非经常性损益项目和金额
√适用 □不适用
单位:元 币种:人民币
非经常性损益项目 本期金额 说明
非流动性资产处置损益，包括已计提资产减值准备的冲销部
分 -1,014,345.93
计入当期损益的政府补助，但与公司正常经营业务密切相
关、符合国家政策规定、按照确定的标准享有、对公司损益
产生持续影响的政府补助除外
627,595,707.91
除同公司正常经营业务相关的有效套期保值业务外，非金融
企业持有金融资产和金融负债产生的公允价值变动损益以及
处置金融资产和金融负债产生的损益
22,342,998.05
债务重组损益 410,772.38
除上述各项之外的其他营业外收入和支出 43,291,121.49
其他符合非经常性损益定义的损益项目 8,030,686.40
减：所得税影响额 9,320,741.58
少数股东权益影响额（税后） 39,771,927.55
合计 651,564,271.17
对公司将《公开发行证券的公司信息披露解释性公告第 1号——非经常性损益》未列举的项目认
定为非经常性损益项目且金额重大的，以及将《公开发行证券的公司信息披露解释性公告第 1 号
——非经常性损益》中列举的非经常性损益项目界定为经常性损益的项目，应说明原因。
□适用 √不适",,
1225286800,300308,中际旭创,2026-05-09 23:59:59,关于作废第四期限制性股票激励计划部分激励对象已获授但尚未归属的限制性股票的公告,"证券代码：300308 证券简称：中际旭创 公告编号：2026-054
中际旭创股份有限公司
关于作废第四期限制性股票激励计划部分激励对象已获授
但尚未归属的限制性股票的公告
中际旭创股份有限公司（以下简称“中际旭创”或“公司”）于 2026 年 5 月 8
日召开第五届董事会第三十二次会议审议通过了《关于作废第四期限制性股票激励
计划部分激励对象已获授但尚未归属的限制性股票的议案》，根据《公司第四期限制
性股票激励计划（草案）》（以下简称“《激励计划》”）的规定，因 18 名首次授予
限制性股票的激励对象已离职，故不再具备激励对象资格，其已获授但尚未归属的
限制性股票不得办理股份归属；2 名激励对象考核等级为“C”，符合 50%归属比例；
上述 20 名激励对象未达到归属条件的第二类限制性股票共计 144,063 股，将由公司
按《激励计划》等相关规定取消归属并作废。具体说明如下：
一、股权激励计划已履行的相关审批程序
1、2025 年 3 月 17 日，公司召开了第五届董事会第十九次会议和第五届监事会
第十六次会议，审议通过了《关于公司第四期限制性股票激励计划（草案）及其摘
要的议案》等相关议案，公司独立董事战淑萍就提交股东大会审议的本次激励计划
相关议案向全体股东征集了投票权。上海泽昌律师事务所（以下简称“泽昌律所”）
出具了《关于中际旭创股份有限公司第四期限制性股票激励计划（草案）之法律意
见书》。
2、公司于 2025 年 3 月 27 日至 2025 年 4 月 5 日对拟授予的激励对象名单的姓
名和职务在公司内部进行了公示，在公示期内未收到任何员工对本次拟激励对象提
出的异议或其他反馈记录。监事会对激励计划激励对象名单进行了核查，并于 2025
本公司及董事会全体成员保证信息披露内的真实、准确和完整，
没有虚假记载、误导性陈述或重大遗漏。年 4 月 22 日披","
公司历史资料（仅限本公告发布之前）：
【最近一期定期报告：2026年第一季度报告披露的提示性公告（2026-04-17）主要财务数据】
证券代码：300308 证券简称：中际旭创 公告编号：2026-043
中际旭创股份有限公司
2026 年第一季度报告披露的提示性公告
中际旭创股份有限公司（以下简称“公司”或“中际旭创”）于 2026 年 4 月
16 日召开第五届董事会第三十一次会议，会议审议通过了《关于公司 2026 年第一
季度报告的议案》，为使投资者全面了解公司的经营成果及财务状况，公司 2026
年第一季度报告全文于 2026 年 4 月 17 日在中国证监会指定的创业板上市公司信
息披露网站巨潮资讯网（http://www.cninfo.com.cn）披露，请投资者注意查阅。
特此公告
中际旭创股份有限公司董事会
2026 年 04 月 17 日
本公司及董事会全体成员保证信息披露内容的真实、准确和完
整，没有虚假记载、误导性陈述或重大遗漏。

【历史公告 2026-03-31：关于作废部分激励对象已获授但尚未归属的限制性股票的公告】
证券代码：300308 证券简称：中际旭创 公告编号：2026-034
中际旭创股份有限公司
关于作废部分激励对象已获授但尚未归属的限制性股票的公告
中际旭创股份有限公司（以下简称“中际旭创”或“公司”）于 2026 年 3 月 27
日召开第五届董事会第二十九次会议审议通过了《关于作废部分激励对象已获授但
尚未归属的限制性股票的议案》，根据《公司第三期限制性股票激励计划（草案修订
稿）》（以下简称“《激励计划（草案修订稿）》”）的规定，因 5 名首次授予限制性
股票的激励对象已离职，故不再具备激励对象资格，其已获授但尚未归属的限制性
股票不得办理股份归属；上述 5 名激励对象合计未达归属条件的第二类限制性股票
共计 71,680 股，将由公司按《激励计划（草案修订稿）》等相关规定取消归属并作废。
具体说明如下：
一、股权激励计划已履行的相关审批程序
1、2023 年 10 月 20 日，

【历史公告 2026-03-14：关于调整第四期限制性股票激励计划预留部分授予价格的公告】
证券代码：300308 证券简称：中际旭创 公告编号：2026-016
中际旭创股份有限公司
关于调整第四期限制性股票激励计划预留部分授予价格的公告
中际旭创股份有限公司（以下简称“中际旭创”或“公司”）于2026 年3 月12
日召开第五届董事会第二十八次会议，审议通过了《关于调整第四期限制性股票激
励计划预留部分授予价格的议案》，根据《第四期限制性股票激励计划（草案）》（以
下简称“激励计划”）的规定以及公司2025 年第二次临时股东会的授权，公司对第
四期限制性股票激励计划预留部分的授予价格进行了调整，现将有关事项公告如下：
",,
1225007490,300476,胜宏科技,2026-03-13 23:59:59,关于举行2025年度网上业绩说明会的公告,"证券代码：300476 证券简称：胜宏科技 公告编号：2026-028
胜宏科技（惠州）股份有限公司
关于举行 2025 年度网上业绩说明会的公告
本公司及董事会全体成员保证公告内容的真实、准确、完整，没有虚假记载、误导性陈
述或重大遗漏。
胜宏科技（惠州）股份有限公司（以下简称“公司”）于 2026 年 3 月 13 日在
中国证监会指定创业板信息披露网站巨潮资讯网（http://www.cninfo.com.cn）上
披露了《2025 年年度报告》及《2025 年年度报告摘要》。为便于广大投资者更
深入全面地了解公司情况，公司将于 2026 年 3 月 18 日（星期三下午 15:00-17:00
在举办 2025 年度业绩说明会，与投资者进行沟通和交流，广泛听取投资者的意
见和建议。
一、说明会召开的时间、地点和方式
（一）召开时间：2026 年 3 月 18 日（星期三）15:00-17:00
（二）召开方式：网络互动方式
（三）会议地点：价值在线（www.ir-online.cn）
二、公司参会人员
公司出席本次业绩说明会的人员有：董事、总裁赵启祥先生，副总裁、董事
会秘书朱溪瑶女士，独立董事谢兰军先生，财务总监朱国强先生。
三、问题征集
为充分尊重投资者、提升交流的针对性，现就公司 2025 年度业绩说明会提
前向投资者公开征集问题，广泛听取投资者的意见和建议，投资者可于 2026 年
3 月 18 日（星期三）15:00-17:00 通过网址 https://eseb.cn/1wlzUN9wFTq 或使用
微信扫描下方小程序码即可进入参与互动交流。投资者可于 2026 年 3 月 18 日前
进行会前提问，公司将通过本次业绩说明会，在信息披露允许范围内就投资者普
遍关注的问题进行回答。四、其他事项
本次业绩说明会召开后，投资者可以通过价值在线（www.ir-o","
公司历史资料（仅限本公告发布之前）：
【最近一期定期报告：2025年三季度报告（2025-10-28）主要财务数据】
主要财务数据
（一） 主要会计数据和财务指标
公司是否需追溯调整或重述以前年度会计数据
□是 否
本报告期 本报告期比上年同期
增减 年初至报告期末 年初至报告期末比上
年同期增减
营业收入（元） 5,086,426,434.81 78.95% 14,117,292,798.89 83.40%
归属于上市公司股东
的净利润（元） 1,101,706,640.17 260.52% 3,244,826,449.42 324.38%
归属于上市公司股东
的扣除非经常性损益
的净利润（元）
1,098,855,899.19 247.73% 3,248,027,382.51 317.75%
经营活动产生的现金
流量净额（元） -- -- 2,383,398,963.00 94.28%
基本每股收益（元/
股） 1.28 255.56% 3.78 324.72%
稀释每股收益（元/
股） 1.25 247.22% 3.75 321.35%
加权平均净资产收益
率 7.58% 3.87% 29.06% 19.51%
本报告期末 上年度末 本报告期末比上年度末增减
总资产（元） 30,612,476,407.28 19,175,313,194.03 59.65%
归属于上市公司股东
的所有者权益（元） 15,171,274,574.05 8,927,933,410.11 69.93%
（二） 非经常性损益项目和金额
适用 □不适用
单位：元
项目 本报告期金额 年初至报告期期末金额 说明
非流动性资产处置损益（包
括已计提资产减值准备的冲
销部分）
-13,934,778.91 -30,114,305.97
计入当期损益的政府补助
（与公司正常经营业务密切
相关、符合国家政策规定、
按照确定的标准享有、对公
司损益产生持续影响的政府
补助除外）
16,087,456.75 32,512,713.93
除同公司正常经营业务相关
的有效套期保值业务外，非
金融企业持有金融资产和金
融负债产生的公允价值变动
损益以及处置金融资产和金
融负债产生的损益
-29,066.06
委托他人投资或管理资产的
损益 856,000.00 908,180.00
除上述各项之外的其他营业
外收入和支出 233,444.87 -7,039,617.32
减：所得税影响额 362,315.67 -532,096.27胜宏科技（惠州）股份有限公司 2025 年第三季度报告
3
合计 2,850,740.98 -3,200,933.09 --
其他符合非经常性损益定义的损益项目的具体情况：
□适用 不适用
公司不存在其他符合非经常性损益定义的损益项目的具体情况。
将《公开发行证券",,
1225549679,300308,中际旭创,2026-09-04 19:10:08,关于向控股子公司提供财务资助的公告,"证券代码：300308 证券简称：中际旭创 公告编号：2026-093
中际旭创股份有限公司
关于向控股子公司提供财务资助的公告
为满足控股子公司广东深度智冷科技有限公司（以下简称“深度智冷”）的
生产经营及持续发展需求，中际旭创股份有限公司（以下简称“中际旭创”或“公
司”）拟对深度智冷提供不超过人民币 5,100 万元财务资助，资助方式为资金拆
借，具体金额和方式以公司遵循公开、公平、公正的原则根据深度智冷的资金使
用计划签订的具体协议为准，具体情况公告如下：
一、财务资助概述
（一）财务资助对象：广东深度智冷科技有限公司；
（二）财务资助金额：不超过人民币 5,100 万元；
（三）财务资助利率：年息 2.70%；
（四）财务资助期限：12 个月，按照各期借款实际发放之日作为该期借款的
起始日；
（五）资金来源：中际旭创自有资金或自筹资金；
（六）资金的主要用途和使用方式：用于深度智冷生产经营，借款人不得挪
作他用；
（七）付息还款方式：借款到期前一次性还本付息。
本公司及董事会全体成员保证信息披露内容的真实、准确和完整，
没有虚假记载、误导性陈述或重大遗漏。二、被资助对象基本情况
1、基本情况
被资助对象名称 广东深度智冷科技有限公司
法定代表人 丁海
统一社会信用代码 91440111MAEBEQPN71
成立时间 2025 年 3 月 3 日
住所 深圳市光明区凤凰街道凤凰社区观光路 2533 号 A4 栋 301
注册资本 10,000 万元
经营范围
技术服务、技术开发、技术咨询、技术交流、技术转让、技术
推广;物联网技术研发;物联网设备制造;物联网设备销售;光
通信设备制造;光通信设备销售;通信设备制造;通信设备销
售;电子元器件制造;电子元器件批发;电子元器件零售;电力
电子元器件制造;电力电子元器件销售;光电子器件制造;光电
子器件销售;电子元器件与机","
公司历史资料（仅限本公告发布之前）：
【最近一期定期报告：2026年半年度报告披露的提示性公告（2026-08-22）主要财务数据】
证券代码：300308 证券简称：中际旭创 公告编号：2026-079
中际旭创股份有限公司
2026 年半年度报告披露的提示性公告
中际旭创股份有限公司（以下简称“公司”或“中际旭创”）于 2026 年 8 月
21 日召开第六届董事会第三次会议，会议审议通过了《关于公司 2026 年半年度报
告及其摘要的议案》，为使投资者全面了解公司的经营成果、财务状况及未来发展
规划，公司 2026 年半年度报告全文及摘要于 2026 年 8 月 24 日在中国证监会指定
的创业板上市公司信息披露网站巨潮资讯网（http://www.cninfo.com.cn）上披露，
请投资者注意查阅。
特此公告
中际旭创股份有限公司董事会
2026 年 08 月 24 日
本公司及董事会全体成员保证信息披露内容的真实、准确和完
整，没有虚假记载、误导性陈述或重大遗漏。

【历史公告 2026-04-15：关于变更2026年第一季度报告预约披露时间的公告】
证券代码：300308 证券简称：中际旭创 公告编号：2026-040
中际旭创股份有限公司
关于变更 2026 年第一季度报告预约披露时间的公告
中际旭创股份有限公司（以下简称“公司”或“中际旭创”）原定于 2026 年
4 月 24 日披露《中际旭创 2026 年第一季度报告》，现因公司第一季度报告编制工
作进展顺利，为确保信息披露的及时性，经向深圳证券交易所申请公司将 2026 年
第一季度报告披露时间提前至 2026 年 4 月 17 日。
公司对本次定期报告预约披露时间变更给广大投资者带来的不便深表歉意，
敬请广大投资者理解并注意查阅。
特此公告
中际旭创股份有限公司董事会
2026 年 04 月 15 日
本公司及董事会全体成员保证信息披露内容的真实、准确和完
整，没有虚假记载、误导性陈述或重大遗漏。

【历史公告 2026-03-31：2025年度报告披露的提示性公告】
证券代码：300308 证券简称：中际旭创 公告编号：2026-022
中际旭创股份有限公司
2025 年度报告披露的提示性公告
中际旭创股份有限公司（以下简称“公司”或“中际旭创”）于 2026 年 3 月
27 日召开第五届董事会第二十九次会议，会议审议通过了《关于公司 2025 年度报
告及其摘要的议案》，为使投资者全面了解公司的经营成果及财务状况，公司 2025
年度报告及摘要于 2026 年 3 月 31 日在中国证监会指定的创业板上市公司信息披
露网站巨潮资讯网（http://www.cninfo.com.cn）披露，请投资者注意查阅。
特此公告
中际旭创股份有限公司董事会
2026 年 03 月 31",,
1225430099,300308,中际旭创,2026-07-18 23:59:59,关于境外发行股份（H股）并在香港联交所上市进展的公告,"证券代码：300308 证券简称：中际旭创 公告编号：2026-069
中际旭创股份有限公司
关于境外发行股份（H 股）并在香港联交所上市进展的公告
中际旭创股份有限公司（以下简称“公司”或“中际旭创”）于 2026 年 1 月 28
日召开 2026 年第一次临时股东会审议通过了《关于公司首次公开发行境外上市股份
（H 股）并在香港联合交易所有限公司主板上市的议案》等相关议案，现将进展情
况公告如下：
一、公司递交本次境外发行上市申请
公司于 2026 年 1 月 30 日向香港联合交易所有限公司（以下简称“香港联交所”）
秘密递交了发行境外上市股份（H 股）并在香港联交所主板挂牌上市（以下简称“本
次境外发行上市”）的申请。
二、公司本次境外发行上市获得中国证监会备案
公司于 2026 年 7 月 8 日收到中国证券监督管理委员会（以下简称“中国证监会”）
出具的《关于中际旭创股份有限公司境外发行上市备案通知书》（国合函〔2026〕1646
号）（以下简称“备案通知书”）。备案通知书主要内容如下：
（一）公司拟发行不超过 94,004,350 股境外上市普通股并在香港联合交易所上
市。
（二）自备案通知书出具之日起至本次境外发行上市结束前，公司如发生重大
事项，应根据境内企业境外发行上市有关规定，通过中国证监会备案管理信息系统
报告。
（三）公司完成境外发行上市后 15 个工作日内，应通过中国证监会备案管理信
本公司及董事会全体成员保证信息披露内容的真实、准确和完整，
没有虚假记载、误导性陈述或重大遗漏。息系统报告发行上市情况。公司在境外发行上市过程中应严格遵守境内外有关法律、
法规和规则。
（四）公司自备案通知书出具之日起 12 个月内未完成境外发行上市，拟继续推
进的，应当更新备案材料。
备案通知书仅对公司境外发行上市备案信息予以确认，不表明中国证监会对公
司证券的","
公司历史资料（仅限本公告发布之前）：
【最近一期定期报告：2026年第一季度报告披露的提示性公告（2026-04-17）主要财务数据】
证券代码：300308 证券简称：中际旭创 公告编号：2026-043
中际旭创股份有限公司
2026 年第一季度报告披露的提示性公告
中际旭创股份有限公司（以下简称“公司”或“中际旭创”）于 2026 年 4 月
16 日召开第五届董事会第三十一次会议，会议审议通过了《关于公司 2026 年第一
季度报告的议案》，为使投资者全面了解公司的经营成果及财务状况，公司 2026
年第一季度报告全文于 2026 年 4 月 17 日在中国证监会指定的创业板上市公司信
息披露网站巨潮资讯网（http://www.cninfo.com.cn）披露，请投资者注意查阅。
特此公告
中际旭创股份有限公司董事会
2026 年 04 月 17 日
本公司及董事会全体成员保证信息披露内容的真实、准确和完
整，没有虚假记载、误导性陈述或重大遗漏。

【历史公告 2026-05-09：关于调整公司第三期限制性股票激励计划预留部分归属价格的公告】
证券代码：300308 证券简称：中际旭创 公告编号：2026-049
中际旭创股份有限公司
关于调整公司第三期限制性股票激励计划预留部分
归属价格的公告
中际旭创股份有限公司（以下简称“中际旭创”或“公司”）于2026 年5 月8
日召开第五届董事会第三十二次会议审议通过了《关于调整公司第三期限制性股票
激励计划预留部分归属价格的议案》，根据《公司第三期限制性股票激励计划（草案
修订稿）》（以下简称“《激励计划（草案修订稿）》”）的规定及公司2023 年第四次临
时股东大会的授权，公司对第三期限制性股票激励计划预留部分归属价格进行了调
整。现将有关事项公告如下：
一、股权激励计划已履行的相关审批程序
1、2023 年10 月20 日，公司召开了第五届董事会第三次会议和第五届监事会第
三次会议，审议通过了《关于公司第三期限制性股票激励计划（草案）及其摘要的
议案》等相关议案，公司独立董事对

【历史公告 2026-03-31：关于调整公司第三期限制性股票激励计划首次授予部分归属价格的公告】
证券代码：300308 证券简称：中际旭创 公告编号：2026-032
中际旭创股份有限公司
关于调整公司第三期限制性股票激励计划首次授予部分
归属价格的公告
中际旭创股份有限公司（以下简称“中际旭创”或“公司”）于2026 年3 月27
日召开第五届董事会第二十九次会议审议通过了《关于调整公司第三期限制性股票
激励计划首次授予部分归属价格的议案》，根据《公司第三期限制性股票激励计划（草
案修订稿）》（以下简称“《激励计划（草案修订稿）》”）的规定及公司2023 年第四次
临时股东大会的授权，公司对第三期限制性股票激励计",,
1224926202,601138,工业富联,2026-01-09 23:59:59,富士康工业互联网股份有限公司2025年半年度权益分派实施公告,"证券代码：601138 证券简称：工业富联 公告编号：2026-003
富士康工业互联网股份有限公司
2025年半年度权益分派实施公告
本公司董事会及全体董事保证本公告内容不存在任何虚假记载、误导性陈述或者重大遗
漏，并对其内容的真实性、准确性和完整性承担法律责任。
重要内容提示：
 每股分配比例
A 股每股现金红利0.33元
 相关日期
股份类别 股权登记日 最后交易日 除权（息）日 现金红利发放日
Ａ股 2026/1/15 － 2026/1/16 2026/1/16
 差异化分红送转： 是
一、 通过分配方案的股东大会届次和日期
本次利润分配方案经富士康工业互联网股份有限公司（以下简称“公司”）2025 年11 月
24 日的2025年第二次临时股东大会审议通过。
二、 分配方案
1. 发放年度：2025年半年度
2. 分派对象：
截至股权登记日下午上海证券交易所收市后，在中国证券登记结算有限责任公司上海分
公司（以下简称“中国结算上海分公司”）登记在册的本公司全体股东。
根据《上海证券交易所上市公司自律监管指引第7 号——回购股份（2025 年3 月修订）》
第二十二条，上市公司回购专用账户中的股份，不享有股东会表决权、利润分配、公积金转
增股本、认购新股和可转换公司债券等权利，不得质押和出借。公司目前回购专用证券账户
股票9,319,897 股不参与利润分配。3. 差异化分红送转方案：
（一）本次差异化分红方案
根据公司2025 年第二次临时股东大会审议通过的《关于<富士康工业互联网股份有限公
司2025 年半年度利润分配预案>的议案》，本次利润分配方案向全体股东每10 股派送现金红
利3.30 元(含税)，本次权益分派以公司《2025 年半年度权益分派实施公告》确定的股权登记
日 的 总 股 本 19,858,195,781 股 ， 扣 除 回 购 专 用 ","
公司历史资料（仅限本公告发布之前）：
【最近一期定期报告：富士康工业互联网股份有限公司2025年第三季度报告（2025-10-30）主要财务数据】
主要财务数据
（一） 主要会计数据和财务指标
单位：千元 币种：人民币
项目 本报告期
本报告期比
上年同期增
减变动幅度
(%)
年初至报告期末
年初至报告期
末比上年同期
增减变动幅度
(%)
营业收入 243,171,777 42.81 603,931,430 38.40
利润总额 12,220,755 70.43 26,243,773 55.94
归属于上市公司股东的净利润 10,373,411 62.04 22,486,768 48.52
归属于上市公司股东的扣除非经
常性损益的净利润 9,989,353 61.11 21,657,193 46.99
经营活动产生的现金流量净额 不适用 不适用 -4,140,570 -199.73
基本每股收益（元/股） 0.52 62.50 1.13 48.68富士康工业互联网股份有限公司 2025 年第三季度报告
2 / 12
稀释每股收益（元/股） 0.52 62.50 1.13 48.68
加权平均净资产收益率（%） 6.62 增加 2.60 个
百分点 14.38 增加 4.34 个百
分点
本报告期末 上年度末
本报告期末比
上年度末增减
变动幅度(%)
总资产 447,338,382 317,523,519 40.88
归属于上市公司股东的所有者权
益 161,528,144 152,691,270 5.79
注：“本报告期”指本季度初至本季度末 3 个月期间，下同。
业务板块方面：
1、云计算业务：AI 服务器成长显著，产品需求持续提升
2025 年前三季度，公司云计算业务营业收入较上年同期增长超过 65%，第三季度单季同比增
长超过 75%，主要受益于超大规模数据中心用 AI 机柜产品的规模交付及 AI 算力需求的持续旺盛。
特别是云服务商业务表现亮眼，前三季度营业收入占比达云计算业务的 70%，同比增长超过
150%，第三季度单季同比增长逾 2.1 倍。其中，云服务商 GPU AI 服务器前三季度营业收入同比
增长超过 300%，第三季度单季环比增长逾 90%、同比增长逾 5 倍。通用服务器出货亦保持稳健，
整体云计算业务营收结构持续优化。
2、通信及移动网络设备业务：AI 提振需求表现，相关业务成长强劲
2025 年前三季度，公司通信及移动网络设备业务表现稳健。其中，精密机构件业务受 AI 智
能终端新品推出带动，客户换机需求上升，带动业务持续增长。
另外，在交换机方面，因 AI 需求持续放量，交换机业务成长显著，三季度单季同比增长 100%，
其中 800G 交换机三季度单季同比增长超 27 倍。
（二） 非经常性损益项目和金额
√适用 □不适",,
1225261191,600150,中国船舶,2026-04-30 23:59:59,天职国际关于《中国船舶工业股份有限公司关于募集资金投资项目结项并将节余募集资金永久补充流动资金的专项说明》的鉴证报告,,"
公司历史资料（仅限本公告发布之前）：
【最近一期定期报告：中国船舶工业股份有限公司2025年第三季度报告（2025-10-29）主要财务数据】
主要财务数据
（一） 主要会计数据和财务指标
单位：元 币种：人民币
项目 本报告期
上年同期
本报告期
比上年同
期增减变
动幅度(%)
年初至报告期末
上年同期
年初至报告
期末比上年
同期增减变
动幅度(%)
调整前 调整后 调整后 调整前 调整后 调整后
营业收入 34,763,145,858.61 20,152,032,380.59 33,184,619,044.24 4.76 107,402,803,784.70 56,168,631,873.14 91,047,386,926.35 17.96
利润总额 2,890,924,697.45 959,306,054.70 1,382,621,670.88 109.09 8,273,340,148.64 2,492,296,940.90 3,486,773,584.50 137.28
归属于上市公
司股东的净利
润
2,074,459,897.57 858,303,961.53 1,050,061,606.43 97.56 5,851,780,413.25 2,270,650,101.32 2,716,582,826.78 115.41
归属于上市公
司股东的扣除
非经常性损益
的净利润
1,491,230,460.93 773,371,661.73 773,371,661.73 92.82 4,381,923,160.39 1,971,672,648.36 1,971,672,648.36 122.24
经营活动产生
的现金流量净
额
不适用 不适用 不适用 不适用 3,094,731,394.80 2,327,602,933.48 7,691,535,043.06 -59.76中国船舶工业股份有限公司 2025年第三季度报告
2 / 12
基本每股收益
（元/股）
0.350 0.192 0.177 97.74 0.987 0.508 0.458 115.50
稀释每股收益
（元/股）
0.350 0.192 0.177 97.74 0.987 0.508 0.458 115.50
加权平均净资
产收益率（%）
2.16 1.75 1.13 91.15 6.20 4.63 3.01 105.98
本报告期末
上年度末
本报告期末比上年度末增减变动
幅度(%)
调整前 调整后 调整后
总资产 406,022,551,603.91 181,976,769,308.99 403,639,151,728.16 0.59
归属于上市公
司股东的所有
者权益
141,137,504,528.14 50,899,798,605.37 92,104,183,250.95",,
1225468088,601138,工业富联,2026-08-12 23:59:59,富士康工业互联网股份有限公司2026年半年度报告摘要,"富士康工业互联网股份有限公司2026 年半年度报告摘要
公司代码：601138 公司简称：工业富联
富士康工业互联网股份有限公司
2026 年半年度报告摘要富士康工业互联网股份有限公司2026 年半年度报告摘要
第一节 重要提示
1.1 本半年度报告摘要来自半年度报告全文，为全面了解本公司的经营成果、财务状况及未来发
展规划，投资者应当到 www.sse.com.cn 网站仔细阅读半年度报告全文。
1.2 本公司董事会及董事、高级管理人员保证半年度报告内容的真实性、准确性、完整性，不存
在虚假记载、误导性陈述或重大遗漏，并承担个别和连带的法律责任。
1.3 公司全体董事出席董事会会议。
1.4 本半年度报告未经审计。
1.5 董事会决议通过的本报告期利润分配预案或公积金转增股本预案
本公司计划不派发现金红利，不送红股，不以公积金转增股本。富士康工业互联网股份有限公司2026 年半年度报告摘要
第二节 公司基本情况
2.1 公司简介
公司股票简况
股票种类 股票上市交易所 股票简称 股票代码 变更前股票简称
A股 上海证券交易所 工业富联 601138 无
联系人和联系方式 董事会秘书 证券事务代表
姓名 刘宗长 揭晓小
电话 0755-3359 5881 0755-3359 5881
办公地址 深圳市龙华区龙华街道东环
二路二号富士康科技园
深圳市龙华区龙华街道东环
二路二号富士康科技园
电子信箱 ir@fii-foxconn.com ir@fii-foxconn.com
2.2 主要财务数据
单位：千元 币种：人民币
本报告期末 上年度末 本报告期末比上年
度末增减(%)
总资产 512,750,185 456,223,822 12.39
归属于上市公司股东的净资产 175,753,237 166,778,112 5.38
本报告期 上年同期 本报告期比上年同
期增减(%","
公司历史资料（仅限本公告发布之前）：
【最近一期定期报告：富士康工业互联网股份有限公司2026年第一季度报告（2026-04-29）主要财务数据】
主要财务数据
(一)主要会计数据和财务指标
单位：千元 币种：人民币
项目 本报告期 上年同期
本报告期比上年
同期增减变动幅
度(%)
营业收入 251,078,078 160,415,051 56.52
利润总额 12,323,577 5,885,332 109.39
归属于上市公司股东的净利润 10,594,857 5,230,775 102.55
归属于上市公司股东的扣除非经常
性损益的净利润
10,249,511 4,902,819 109.05
经营活动产生的现金流量净额 25,024,028 1,299,139 1,826.20
基本每股收益（元/股） 0.53 0.26 103.85
稀释每股收益（元/股） 0.53 0.26 103.85富士康工业互联网股份有限公司2026 年第一季度报告
2 / 13
加权平均净资产收益率（%） 6.18 3.48
增加 2.70 个百分
点
本报告期末 上年度末
本报告期末比上
年度末增减变动
幅度(%)
总资产 457,187,995 456,223,822 0.21
归属于上市公司股东的所有者权益 176,218,112 166,778,112 5.66
业务板块方面：
2026 年第一季度，受益于 AI 算力需求持续爆发，公司产品结构持续优化，主营业务经营效
益实现稳步提升。
云计算业务方面，板块营业收入同比增长 1 倍。客户覆盖范围持续拓展深化，同时产线自动
化交付水平持续升级，整体出货效率稳步增强。AI GPU 机柜同比出货量增长 3.8 倍，AI ASIC 服
务器出货量同比增长 3.2 倍。报告期内，部分云服务商客户新增订单的原材料采购模式由 buy and
sell 模式转为 consign 模式。
通讯及移动网络设备方面，公司紧扣数字经济建设与人工智能产业发展机遇，凭借深厚技术
积淀与持续高强度研发投入，稳步深化 AI 相关业务战略布局。2026 年第一季度，800G 及以上高
速交换机出货量同比增长 1.6 倍，环比增长 46%，CPO 全光交换机样机开始出货。
(二)非经常性损益项目和金额
√适用 □不适用
单位:千元 币种:人民币
非经常性损益项目 本期金额 说明
非流动性资产处置损益，包括已计提资产减值准备的冲销部分 7,512
计入当期损益的政府补助，但与公司正常经营业务密切相关、符合
国家政策规定、按照确定的标准享有、对公司损益产生持续影响的
政府补助除外
108,728
除同公司正常经营业务相关的有效套期保值业务外，非金融企业持
有金融资产和金融负债产生的公允价值变动损益以及处置金融资产
和金融负债产生的损益
346,362",,
1225363979,300502,新易盛,2026-06-11 23:59:59,董事会成员及雇员多元化政策（草案）,"1
成都新易盛通信技术股份有限公司
董事会成员及雇员多元化政策
（草案）
第一章 总则
第一条 根据《中华人民共和国公司法》、公司股票上市地证券监管规则（包
括但不限于中国证监会、深圳证券交易所、香港证券及期货事务监察委员会、香
港联合交易所有限公司等机构的规则）等法律、法规、规范性文件以及《成都新
易盛通信技术股份有限公司章程》（以下简称《公司章程》）的有关规定，本政策
的目的旨在列出指引公司董事会提名董事及为达致董事会成员及雇员多元化而
采取的方针和政策。
第二章 一般政策
第二条 公司明白并深信董事会成员及雇员多元化对提升公司的表现素质裨
益良多。为达致可持续及均衡的发展，公司视董事会及雇员日益多元化为促使其
达到战略目标及维持可持续发展的关键元素。公司志在建立及维持多元化的董事
会组成和多元化的雇员组成，在技能、专业经验、教育背景、知识、专才、文化、
独立性、年龄及性别等各方面达致均衡，并在招聘、培训与发展、薪酬，以及就
业和晋升机会等方面提供平等机会。
第三条 董事会及董事会提名委员会（以下简称“提名委员会”）将妥为考虑
多项因素（以下简称“该等条件”）以评核、甄选及向董事会建议一名或多名候
选人担任或连任董事，该等条件包括但不限于：（a）多元化观点，包括但不限于
性别、年龄、文化背景及教育背景、专业经验、技能、地区和行业经验、种族、
知识及服务年期等；（b）资格，包括在公司的业务所涉及的有关行业之中的成就
及经验及其他专业资质；（c）就可用时间投入而言，对于董事会的职责的承担；
（d）品格诚信方面的声誉；（e）该候选人可以为董事会带来的贡献；及（f）对
于董事会继任有序予以落实的一项或多项计划。最终将按人选的长处及可为董事
会提供的贡献而作决定。董事会组成（包括性别、年龄、服务任期等）将每年在
企业管治报告内披露。
第四条 除该等条件以外，董事会及提名委员会将会","
公司历史资料（仅限本公告发布之前）：
【最近一期定期报告：关于2025年年度报告披露的提示性公告（2026-04-24）主要财务数据】
证券代码： 300502 证券简称： 新易盛 公告编号： 2026-010
成都新易盛通信技术股份有限公司
关于 2025 年年度报告披露的提示性公告
本公司及董事会全体成员保证信息披露的内容真实、准确、完整，没有虚假
记载、误导性陈述或重大遗漏。
2026 年 4 月 23 日，成都新易盛通信技术股份有限公司（以下简称“公司”）
召开了第五届董事会第十三次会议，审议通过了公司《2025 年年度报告》全文
及其摘要的相关议案。
为使投资者全面了解公司 2025 年度经营情况、财务状况及未来发展规划，
公司《2025 年年度报告》、《2025 年年度报告摘要》于 2026 年 4 月 24 日在中国
证监会指定的创业板信息披露网站巨潮资讯网（http://www.cninfo.com.cn）披
露，敬请投资者注意查阅。
特此公告。
成都新易盛通信技术股份有限公司
董事会
2026 年 4 月 23 日

【历史公告 2025-09-30：成都新易盛通信技术股份有限公司股东询价转让计划书】


【历史公告 2026-04-24：2025年度董事会工作报告】
2025 年度董事会工作报告成都新易盛通信技术股份有限公司
Eoptolink Technology Inc., Ltd.
成都新易盛通信技术股份有限公司
2025 年度董事会工作报告
2025 年度，成都新易盛通信技术股份有限公司（以下简称“公司”）董事会
严格按照《公司法》《证券法》等法律法规和《公司章程》《董事会议事规则》等
相关规定，从切实维护公司和广大投资者利益出发，认真履行股东（大）会赋予
的职责、不断加强内部控制、完善公司治理结构，提升公司规范运作能力，诚实
守信、忠实勤勉尽责地履行职责，积极开展董事会的各项工作，积极推动公司各
项业务的发展。
现就公司董事会 2025 年度的工作情况报告如下，敬请各位董事审议：
一、2025 年度公司主要经营情况
1、主要经营指标完成情况
报告期内，公司持续加强新技术、新产品研发及在各应用领域的市场拓展，
2025 年度公司实现营业收入 2

【历史公告 2025-09-11：成都新易盛通信技术股份有限公司2025年第一次临时股东大会决议公告】
",,
1225470075,300476,胜宏科技,2026-08-12 18:43:50,关于控股股东之一致行动人解除质押及部分股份质押的公告,"证券代码：300476 证券简称：胜宏科技 公告编号：2026-064
胜宏科技（惠州）股份有限公司
关于控股股东之一致行动人解除质押及部分股份质押的公告
本公司及董事会全体成员保证公告内容的真实、准确、完整，没有虚假记载、误导性陈
述或重大遗漏。
胜宏科技（惠州）股份有限公司（以下简称“公司”或“胜宏科技”）近日接
到控股股东深圳市胜华欣业投资有限公司（以下简称“胜华欣业”）的一致行动
人陈勇先生的通知，获悉其办理了解除质押及部分股份质押业务。具体情况如
下：
一、股东股份解除质押基本情况
股东
名称
是否为控股股东或
第一大股东及其一
致行动人
本次解除质押
股份数量（股）
占 其 所 持
股份比例
占公司总
股本比例 起始日 解除质
押日期 质权人
陈勇 是 157,000 6.79% 0.02%
2026 年 3 月
6 日
2026 年 8
月 7 日
招商证券股份
有限公司
陈勇 是 217,000 9.39% 0.02%
2026 年 3 月
10 日
2026 年 8
月 7 日
招商证券股份
有限公司
合计 374,000 16.18% 0.04% - - -
二、股东股份质押的情况
股东
名称
是否为控股
股东或第一
大股东及其
一致行动人
本次质押
股份数量
（股）
本 次 质 押
占 其 所 持
股份比例
本次质押
占公司总
股本比例
是否
为限
售股
是否
为补
充质
押
质押起
始日期
质押
到期
日
质权人 质押
用途
陈勇 是 890,000 38.51% 0.09% 是 否
2026 年
8 月 10
日
2028 年
8 月 10
日
招商证券
股份有限
公司
资金
需求
合计 890,000 38.51% 0.09% - 否 - - - -
三、股东股份累计质押的基本情况
截至本公告披露日，上述股东及其一致行动人所持质押股份情况如下：股","
公司历史资料（仅限本公告发布之前）：
【最近一期定期报告：2026年一季度报告（2026-04-29）主要财务数据】
主要财务数据
（一） 主要会计数据和财务指标
公司是否需追溯调整或重述以前年度会计数据
□是 否
本报告期 上年同期 本报告期比上年同期增减
（%）
营业收入（元） 5,519,485,066.85 4,312,340,862.19 27.99%
归属于上市公司股东的净利
润（元） 1,288,427,592.46 920,647,385.47 39.95%
归属于上市公司股东的扣除
非经常性损益的净利润
（元）
1,257,223,943.14 923,953,016.65 36.07%
经营活动产生的现金流量净
额（元） 2,116,658,463.16 423,857,775.27 399.38%
基本每股收益（元/股） 1.48 1.07 38.32%
稀释每股收益（元/股） 1.48 1.07 38.32%
加权平均净资产收益率 7.62% 9.74% -2.12%
本报告期末 上年度末 本报告期末比上年度末增减
（%）
总资产（元） 38,878,055,535.58 35,244,486,987.89 10.31%
归属于上市公司股东的所有
者权益（元） 17,404,174,296.89 16,617,608,443.57 4.73%
（二） 非经常性损益项目和金额
适用 □不适用
单位：元
项目 本报告期金额 说明
非流动性资产处置损益（包括已计提
资产减值准备的冲销部分） -3,724,329.71
计入当期损益的政府补助（与公司正
常经营业务密切相关、符合国家政策
规定、按照确定的标准享有、对公司
损益产生持续影响的政府补助除外）
6,746,212.15
除同公司正常经营业务相关的有效套
期保值业务外，非金融企业持有金融
资产和金融负债产生的公允价值变动
损益以及处置金融资产和金融负债产
生的损益
45,872,271.81
委托他人投资或管理资产的损益 -2,791,875.50
除上述各项之外的其他营业外收入和
支出 -9,309,712.90
减：所得税影响额 5,588,916.53
合计 31,203,649.32 --
其他符合非经常性损益定义的损益项目的具体情况
□适用 不适用
公司不存在其他符合非经常性损益定义的损益项目的具体情况。
将《公开发行证券的公司信息披露解释性公告第 1号——非经常性损益》中列举的非经常性损益项目界定为经常性损益胜宏科技（惠州）股份有限公司 2026年第一季度报告
3
项目的情况说明
□适用 不适用
公司不存在将《公开发行证券的公司信息披露解释性公告第 1号——非经常性损益》中列举的非经常性损益项目界定为
经常性损益的项目的情形。
（三） 主要会计数据和财务指标发生变",,
