ann_id,stock,name,time,title,label,batch
1225482317,601138,工业富联,2026-08-20 23:59:59,富士康工业互联网股份有限公司关于以集中竞价交易方式首次回购股份的公告,bullish,1_random
1225363982,300502,新易盛,2026-06-11 23:59:59,关于继续开展外汇套期保值业务的公告,neutral,1_random
1225499413,300502,新易盛,2026-08-25 23:59:59,关于调整2024年限制性股票激励计划首次及预留授予限制性股票授予价格及权益数量的公告,neutral,1_random
1224648476,300308,中际旭创,2025-09-10 23:59:59,关于实际控制人部分股票进行质押交易的公告,neutral,1_random
1225351859,300502,新易盛,2026-06-04 17:52:29,2025年年度分红派息、转增股本实施公告,neutral,1_random
1225416901,300502,新易盛,2026-07-09 17:22:27,关于完成工商登记变更并换发营业执照的公告,neutral,1_random
1225363959,300502,新易盛,2026-06-11 23:59:59,关于更换公司董事的公告,neutral,1_random
1225347122,601127,赛力斯,2026-06-03 23:59:59,H股公告（董事名单及其角色与职能）,neutral,1_random
1224719589,601238,广汽集团,2025-10-18 23:59:59,广汽集团关于子公司为其参股公司提供委托贷款的进展公告,bearish,1_random
1225001612,300476,胜宏科技,2026-03-09 18:36:09,关于发行境外上市股份（H股）获得中国证监会备案的公告,neutral,1_random
1225231656,601138,工业富联,2026-04-29 23:59:59,富士康工业互联网股份有限公司关于2026年度“提质增效重回报”行动方案的公告,neutral,1_random
1225363966,300502,新易盛,2026-06-11 23:59:59,关于公司实际控制人调整一致行动协议及签署《一致行动协议之补充协议》的公告,neutral,1_random
1225007480,300476,胜宏科技,2026-03-13 23:59:59,2025年度财务决算报告,neutral,1_random
1225469044,300308,中际旭创,2026-08-12 23:59:59,H股公告（董事会会议日期）,neutral,1_random
1224988268,688256,寒武纪,2026-02-28 23:59:59,2025年度业绩快报公告,neutral,1_random
1225584867,300308,中际旭创,2026-09-28 17:40:26,2026年半年度A股权益分派实施公告,neutral,1_random
1225056480,300308,中际旭创,2026-03-31 23:59:59,关于第三期员工持股计划第三个锁定期解锁条件成就的公告,neutral,1_random
1225261108,600150,中国船舶,2026-04-30 23:59:59,中国船舶工业股份有限公司关于募集资金投资项目结项并将节余募集资金永久补充流动资金的公告,bullish,1_random
1224938645,300308,中际旭创,2026-01-16 19:34:10,关于控股股东减持计划实施完毕的公告,neutral,1_random
1225286349,600418,江淮汽车,2026-05-09 23:59:59,江淮汽车关于公司董事辞职的公告,neutral,1_random
1225056479,300308,中际旭创,2026-03-31 23:59:59,关于作废部分激励对象已获授但尚未归属的限制性股票的公告,neutral,1_random
1225238230,300476,胜宏科技,2026-04-29 23:59:59,H股公告-2025年度環境、社會及管治報告,neutral,1_random
1224696322,688256,寒武纪,2025-10-01 23:59:59,2025年度向特定对象发行A股股票发行情况报告书,neutral,1_random
1225486596,300502,新易盛,2026-08-21 23:59:59,2026年限制性股票激励计划自查表,neutral,1_random
1225261221,600150,中国船舶,2026-04-30 23:59:59,中国船舶工业股份有限公司关于为公司董事及高级管理人员购买责任险的公告,neutral,1_random
1225362362,601138,工业富联,2026-06-11 23:59:59,富士康工业互联网股份有限公司关于2022年员工持股计划第三个锁定期届满暨解锁条件成就的公告,neutral,1_random
1225056492,300308,中际旭创,2026-03-31 23:59:59,未来三年（2026年-2028年）股东回报规划,neutral,1_random
1225552060,300502,新易盛,2026-09-07 19:00:08,关于调整2026年限制性股票激励计划首次授予激励对象名单的公告,neutral,1_random
1225007459,300476,胜宏科技,2026-03-13 23:59:59,非经营性资金占用及其他关联资金往来情况汇总表,neutral,1_random
1225261117,600150,中国船舶,2026-04-30 23:59:59,天职国际关于中国船舶工业股份有限公司2025年度控股股东及其他关联方资金占用情况的专项说明,neutral,1_random
1225347119,601127,赛力斯,2026-06-03 23:59:59,H股股份奖励计划,neutral,1_random
1225286800,300308,中际旭创,2026-05-09 23:59:59,关于作废第四期限制性股票激励计划部分激励对象已获授但尚未归属的限制性股票的公告,neutral,1_random
1225007490,300476,胜宏科技,2026-03-13 23:59:59,关于举行2025年度网上业绩说明会的公告,neutral,1_random
1225549679,300308,中际旭创,2026-09-04 19:10:08,关于向控股子公司提供财务资助的公告,neutral,1_random
1225430099,300308,中际旭创,2026-07-18 23:59:59,关于境外发行股份（H股）并在香港联交所上市进展的公告,neutral,1_random
1224926202,601138,工业富联,2026-01-09 23:59:59,富士康工业互联网股份有限公司2025年半年度权益分派实施公告,neutral,1_random
1225261191,600150,中国船舶,2026-04-30 23:59:59,天职国际关于《中国船舶工业股份有限公司关于募集资金投资项目结项并将节余募集资金永久补充流动资金的专项说明》的鉴证报告,neutral,1_random
1225468088,601138,工业富联,2026-08-12 23:59:59,富士康工业互联网股份有限公司2026年半年度报告摘要,neutral,1_random
1225363979,300502,新易盛,2026-06-11 23:59:59,董事会成员及雇员多元化政策（草案）,neutral,1_random
1225470075,300476,胜宏科技,2026-08-12 18:43:50,关于控股股东之一致行动人解除质押及部分股份质押的公告,neutral,1_random
