post_id,title,label
1690828117,国轩高科：融资净买入799.62万元，融资余额28.57亿元,
1779474606,此股散户太多，恐没啥大行情。,
1755609484,我当天买一千股又卖出去一千股，底仓没动为啥还要扣我股息税,
1710876998,无底洞,
1676641628,重大利好,
1736590472,杀出恐慌盘了。老登股民，都杀出去了。今天加仓。两种结果，一种是主力遛狗成功，让散,
1756562265,就这点营业额，市值7000多亿？最多值100。,
1683045088,34.2成本，有本事杀到28,
1705614093,奔着1000去的,
1768806558,清仓快去,
1772781707,出了事故，主力跟着装死了,
1615719840,啥时给个一字板，让轩友们痛快一下,
1636471617,丢了一头牛,
1703106492,涨的比板块还弱,
1701771976,没有亏，还有7.54亿，应该要反弹了,
1635608237,这股这是个簇生,
1779474224,趁高我窜的一手不剰,
1629217151,股东大会，大股东要清仓股票了，散户要速度清仓,
1650957112,在这错过商业航天大肉啊,
1666931295,大批散户都套在金属、矿业概念股上，已经无暇顾及也无法抽身到其他股了，高价科技股会,
1709403351,天天这么跌，是不是要退市了,
1726396931,吹牛吹的这么狠，为什么股票还这么低？,
1649766769,饼哥牛逼,
1734127125,上午小试牛刀  两点半一网打尽   4000是起点,
1749570708,据自媒体《拜托了老司机》7月25日在视频中爆料，埃安正在启动官方召回流程。此前，,
1665473545,英伟达又大跌！明天新低？,
1736790917,我来了，看看能不能吃块肉,
1779440276,窄门这个词，出自一句老话：那扇又宽又大、好走的门，进去的人多，通向的却是亏损；那,
1765632158,真TM难啊,
1690272502,先走了，留下的发财,
1639592682,降到八块以下，我加仓10万股,
1645170326,我的计划是拿到明年7月左右，如果时间没到，但价格超过80我就减买，如果没到80但,
1617660760,天际股份炸板了，多余买,
1664276455,真会玩,
1778874975,9月30日关注目标,
1634656586,会不会超越之前13连跌？,
1756447529,今天杀寒武纪没道理，中国A1缺GPU不是供大于求，是生产产能严重短缺。寒武纪二季,
1634839930,该涨了！！！,
1670276777,资本就没拿广汽当机器人股！！！,
1667347836,什么时候开始埋人,
1708467703,现在就是今天的最低点。,
1610950975,减持少碰。,
1779490346,$新易盛(SZ300502)$,
1627175472,我来了江淮汽车,
1744328710,不跑就是死路一条,
1709153648,短期看到1500，年底看到2000,
1609866161,担保人是中金公司,
1637332102,中信建投：pcb越来越芯片化！,
1681312334,小作文出来了，就看今天跌多少吧,
1714072904,月线，黄昏之星+空方炮，短期内杀伤力不轻，慎重对待年线，下一个长电科技！随时可能,
1762387173,几天跌20%个多点，也是牛批，华为三傻自己在这内斗，让隔壁米粉笑麻了,
1717443239,你们说庄在吗，如果在，庄应该,
1627567783,谁能看懂？,
1753106591,这段时间都是些讲故事吹泡泡的暴炒高价股在套现出逃而已,
1779331841,国轩又成了拖后腿，下周是涨是跌？？怎么看？,
1773807605,再努努力。就追上小米了。亏钱增智慧的速度，也是遥遥领先，远远超越。跟我一起，双手,
1689729107,疯了吗？？？,
1632880398,强烈看好广汽汽车。昨天大跌加仓。今天开盘8.99元继续加仓。现在就看能不能站稳昨,
1675522851,深南快追上来了,
1779477905,合不欢而散，离不谋而聚。赛力斯华为，谁成就功过。争利不让步，知错不检讨。续五年何,
1630484429,中际皇与源杰大哥威武霸气,
1779480031,连败6场遭强制执行，寒武纪前高管再提天价索赔，谁最受伤？,
1619480330,电车巨头赛力斯的人型机器人横空出世,
1665934940,加仓，加仓，全仓介入，新高就在眼前，加仓干,
1775733591,"江淮只值8块，主力现在跑不了了，只能玩命做t,买一帮写手吹玛莎拉蒂，suv.谁现",
1725069811,只能说现在就是顶，预期已经逐步兑现了，顶部也是横盘一段时间，大跌大涨也是常态，反,
1767151662,我也卖，就是砸盘，看谁砸过谁,
1754987708,又涨了,
1730250442,利好必跌,
1611858500,破位了，可以走了,
1626869334,达子财报捂的这么紧么，大家没小道消息？,
1703739903,昨天开盘87进去的，今天89.15清仓。16手，赚个饭钱,
1733915647,刚去菜市场买了只鸡，晚上和老婆一起庆祝广汽跌到4块！,
1627907457,为什么又天孚去了坑啊,
1779456923,用筹码峰动态变化做操作指标如何？,
1653061294,哈哈哈，这票主力每天拉高出货，管你这利好利空。,
1779451532,评论都是小人物，甚至都没有开通科创板的权限，鼠目寸光，2000见，朋友们,
1660751161,这圈钱公司下跌中继，任何狗托忽悠都不要进去接盘！！！！,
1621521323,一家公司好不好去香港一躺就知道了。。。比如赛力斯和均胜电子,
1678072334,这支股票还是不错的，就是前期涨太多了，需要时间和空间调整，哪有只涨不跌的股票。,
1779473233,哎呦，突然之间这么多人出来了，没有持仓免费发言的人出来这么多，日韩股市大涨，中国,
1739771270,每次我看到股票有抄底的冲动时，我都会好好看看这个股票打消那个念头,
1769733328,中国动力冲鸭冲鸭冲鸭冲鸭冲鸭冲鸭冲鸭重仓进去啊,
1746815079,你该起势了,
1774832085,……,
1703605969,兄弟，你也做次龙头吧,
1744077289,你小子，差点被套住,
1683163700,这是人干的事吗？,
1712188981,真是服了，晚进十分钟就差十来块，涨十来块难四，跌起来快四,
1759948991,十有八九是半年报业绩不好，所以才这么拉垮,
1633524673,为什么天天跌,
1666855175,如果周一开盘400，周五卖了的人会不会追啊,
1779437997,连板吧,
1706049714,破千，一千只是起点，下一阶段直冲1500,
1735897014,科技行业是一个竞争惨烈，技术变革快，需要持续投入大量资金做研发的行业。没有谁能保,
1691795749,说下周闷杀的大跌的，都是卖飞了的，说了也没用。事实证明下周一开盘下班,
1644540625,认知决定高度你无法赚到认知以外的钱就问那些说etf会拉升船舶的一句是不是船舶只能,
1732290757,机构锁仓被散户来回T,
1710485027,华为的所有东西一律不碰,
1624451152,短期离岸人民币升值快到位，两融也将新高，感觉A股最多明天再冲一下，就又要复制10,
1774393706,把它按下去,
1753412707,到底企稳没有，真磨人,
1703367248,以后的几个月是抱团股慢慢消化，倒给放户,
1608196527,涨几分钱，一群托比开始唱多了,
1616110618,经典的零轴顶背离，即使业绩超预期，今天也是冲高见顶日,
1702130750,912的本啥时候能回啊,
1640792008,尊界的销量和利润预估,
1686487578,尊界大卖，黑子投江，必须的！,
1647391221,1分钟了解上市公司寒武纪,
1635288021,这里要么都是看空喊空的，不知道这些人手里有没有筹码，要么就是扛到亏损叫苦的人，看,
1736339623,神经,
1732648934,明天大概率涨停,
1739042981,只要某个长篇大论技术分析文章一出，必定跌。,
1728934646,人有多大胆，地有多大产。干就完了！！！,
1725262736,新易盛今天为啥跌？,
1717130782,下午拉红可好，今天持仓一个红的都没有,
1777189025,压着平开？,
1715703709,大盘破位，新能源车板块领跌，这个算比较抗揍的，先观察一下,
1619970646,赛狗152.9把你割了，你还涨了，呵呵,
1615783304,明天大打算走，明天开盘竞价再决定,
1664592587,今天的盘面传递一个信息，业绩再好有什么用，我要炒垃圾，你业绩再出色也是垃圾,
1648264829,2025年广汽到底要亏多少钱啊？,
1763806282,早盘冲高时未站稳55均线，因此全仓T出，现已逢低分批T回所有仓位(即满仓满融)。,
1695342069,中际专家预测能到1.5万亿市值你就算不超越它一万亿市值应该有吧？,
1622335971,前面说过了，未来就是进二退一的走势，别指望大涨猛涨了。现价之上50%可能性很大。,
1687314305,属实牛没了，挨个板块杀,
1670142032,第一天开盘又惨了，港股就是要带崩这A,
1664913156,恐慌盘在出逃了，，，，,
1754475355,上午低位接货有力，主力多头把空头爆了，不过不加速拉升，要慎防高位派发，派发位在2,
1721577661,的国轩,
1729827582,苍天啊，今天588追进来的,
1759704935,今天开始下跌了,
1759043846,，还不是买点坐等750,
1727116446,五日线拐头了，看能装多久,
1754933249,回光返照罢了,
1610715846,58下来你就没有一个像样的涨，,
1720261038,拿不住富联，就说明没有自信！我可以很有信心地说，下周90以下看不到了！6月底必将,
1779423364,达子天天涨，你就天天跌，真是一点不跟啊，对面又创新高了,
1660305316,进来然后又继续砸,
1779515311,看多逻辑完全成立，核心支撑都未破1.回购托底夯实底部：9月30日顶额完成近1亿元,
1620442779,傻散们，我今天亏大发了啊，但是我有信心！加仓到3000个了，就是干！,
1701835413,谷歌盘前暴涨，今年1900亿美元开支，百分之40采购网络基础网络，,
1759409076,同志们，下周一尾盘我来支援大家，周四早上走,
1674549689,背刺了老尊界车主。还以为能升级嗯。哪怕自费也行。垃圾,
1774560651,元旦开始把车撤出来，感觉一个庙里的大师抱着千亿捐款功德箱跑了,
1627334191,我从天赐多氟多天齐里面偏偏选了你这么个,
1742860052,今天是100%必跌的！收盘来验证，我是非常肯定的。,
1745744287,导火索大家可能都听说了，市场传比亚迪电子那边开始发货800G光模块，甚至放话1.,
1726257920,2倍做多为什么会绿。要是大盘下跌。这货岂不是要大跌,
1698199983,$赛力斯(SH601127)$,
1779479132,千万不能再交给华为费用了，自己赚钱自己花不香吗？,
1668953472,别气馁大家一起干就完了我们不可能涨不过小日子的大家打起劲神来梭哈梭哈,
1669305252,5分钟就绿,
1694011848,啥时候法业绩预告哇，咋样啊,
1736547035,废了废了,
1663661767,这么好也就，都不涨。,
1630470671,旭哥今天创新高,
1612696258,胜哥我错了，投降输一半可以吗？,
1769488173,压着不给科技涨，没戏,
1647469688,空狗死的心都有了,
1742617630,李一恩卖了吗,
1616567642,开始拉弓，底舱不动，科技茅台,
1641222694,跌破54，我再来接你们的盘,
1779427638,明牌才好打。,
1616196131,占了最大的仓位，拿了最少的利润气笑了,
1629331855,还有幻想下午能起来的，真是服了,
1652353000,16日晚间大概率公布业绩预告，相当炸裂,
1765897999,不是阴跌就是大跌的路上,
1612196965,下周120见,
1747132154,国轩高科002074动力电池电控开关银合金触头是标配，储能、电动车产能持续扩张，,
1749549171,向宏伟目标学习！,
1755477463,江淮汽车:江淮汽车关于向特定对象发行股票限售股上市流通公告,
1661769979,早上还不如搞鼎泰啊,
1684679808,上证现价3929点越靠近4000点到时朋友们要逢高出货涨得越多越要全跑为好，调,
1644280824,浪费行情，主力每天靠T赚钱,
1779421735,$胜宏科技(SZ300476)$,
1626836485,广汽集团，你什么时候能听听股民的心里话：你家的股票半死不活的，你觉得车子会卖的好,
1750870849,一键清仓，不然就是下一个德明利。,
1652836055,今晚老是刷到固态电池的视频,
1726259693,散户一直在买，主力一直再出，套人的,
1765010547,好趋势都被你搞咋了,
1725416001,你是真的垃。该反弹的时候不反弹，跌的时候比谁都厉害,
1622196289,周末有利好，今天股市要涨,
1697193247,今天就这样了，搞不好等下就绿了，今天不是大哥大,
1706265423,江淮汽车要出尊界200万元级高定车市场不会买账,
1710076600,$国轩高科(SZ002074)$,
1678953278,快抢筹，反包,
1737279660,大佬50都敢买！25我满仓抄底了，哈哈,
1694418699,还得洗啊，边拉边洗！,
1641541808,兄弟，醒醒啊，你是等着过年憋大招？,
1691751548,立讯精密这是要涨停的节奏，资金疯狂在拿货，而且不怎么回调。妇联早上好好的，后面就,
1627439094,121能止住吗,
1706363298,能守住吗？,
1672036197,抄底,
1779365635,固态电池、海外市场布局、汽车企业合作，国轩未来会很好，短期会比较曲折,
1762052755,如果兜底科技泡沫资金被高位套牢——应该追究谁的责任？资金退潮，最聪明的钱已经提前,
1778693597,卖公司的能是什么好货，懂的都懂,
1615601301,真牛!,
1658494508,26年1.6T光模大放量，业绩超大增可预期！,
1756185136,GPU大有可为,
1654201561,快交筹码，昨天尾盘卖的，给机会让我接回吧,
1758328547,今天看的出来大佬已经出货调仓了！！！散户不要傻不拉几接货，让他们自己倒把,
1706279025,一天回到解放前,
1677775662,其它汽车都涨，就他们跌,
1634951385,弱,
1717431556,周末要发不利公告了吗？,
1665220803,奶奶,
1710574068,鱼大嘴的马桶很臭。,
1732387826,除了盘子小点，真的是一无是处,
1719278103,什么时候怕过，继续扛。还亏25个点。,
1664590520,此地无银三百两，大盘涨这么多，你都没有拉回来,
1613902616,妖股,
1632353178,散户都跑了，量化割机构，照割不误。,
1674427813,砸不动了吗？没吃饭吗,
1779485629,美股今晚半导体材料设备光通信大涨，科技硬件还是主线,
1628918117,评论区一群睿智,
1709953411,今天光模块涨那么好，易中天咋都不行了呀,
1689426707,加油，下一个超越茅台的必须是你，众望所归，比寒武纪有料。,
1779473753,零跑9月销量10万+,
1761896692,事已至此,
1778388565,国轩高科:简式权益变动报告书(受让方),
1745732377,——股民心声《夏日里的严冬》2026071805：18南京的七月，梧桐叶厚重得喘,
1658061003,与前年收盘，涨了5分！还是小票好，一个小利好，4个板,
1665503094,英特尔英伟达等美Al芯片巨头继续下跌，寒王本周将考验一千元整数关能否守住。另外A,
1609133441,中字头带头护盘,
1778221279,章盟主一天亏5亿,
1686857069,石油上涨趋势基本不可逆转了，等比亚迪涨上天，不信你还砸得动,
1740184353,今天下午散户流入较多，本想博个反弹，没想是一面两吃，今天形势不对跌破36.20及,
1724219014,我始终认为这是一只被严重低估的票。就像赛力斯的车被严重低估一样，明明已经做到地表,
1625192120,正常人都不应该再买一股这东西。,
1756038423,你不配涨，跌吧，我卖完了,
1661554558,换江波龙,
1613864861,应该是20日线徘徊蓄力了,
1664877084,被你整不会了,
1762193276,好吧、又到了讲故事的时候了，买定离手哦，主力准备派筹码给小散了。大家是不是都忘了,
1611886746,没按手，就是庄家来回割，哈哈,
1777427489,刚刚十分钟，跑了三亿,
1723921166,港股44还差13，快到底了吗,
1638395307,实在恶心人,
1682081917,3个纳入A50你是最差的的一个,
1641965871,下周一买，,
1678492000,再起阳就漂亮了，需要等待。,
1779527713,市值应该上千亿才合理！,
1689026682,对不起那两个字！破船,
1716169990,洪泽君不走难涨，没人愿意给他抬轿子,
1741894875,赛力斯：融资净偿还7874.8万元，融资余额42.46亿元,
1665653829,这走势，大家说是不是像个250？,
1644841088,$工业富联(SH601138)$,
1713123059,之前想过后续PCB或许有机会，但是仓位都在CPO和存储里面，觉得PCB没有CPO,
1719173275,目标价150元，也许会到，也许不会到，但120元一定会到。坐等风来，不做T，硬拿,
1647579724,有些人认为航天或许不需要业绩，只要国家意志就可以，但靠国家意志能撑股价撑市值吗？,
1647633251,从研发到业绩落地，ai芯片唯一的闭环股，靠业绩和硬实力说话,
1641003961,不涨停我都看不起你,
1754924039,先躺一个月吧，一个月后见,
1681474093,连续下跌成这样，还有什么希望吗？,
1698874720,既然拉到这份上了，干脆拉上1500算了，这样才能吸引到更多人！,
1753773448,沪电、深南居然要涨停了,
1732826968,$中际旭创(SZ300308)$利好来了！利好来了，朋友们，重磅利好来了啊！恒瑞医药昨天连发两条药品获批公告。阿得贝利单抗注,
1753297208,换手这么低，短期基本没救了,
1641229613,明日大幅低开，然后………………一路飙升（待验证）,
1700961098,直接暴雷了,
1651863660,在这里躲牛市,
1729578205,是不是快破产了？,
1658499364,这船能不能有点正形，看人家航天按部就班的飞，这股操盘的太坏了，无风也起浪，把重工,
1738564458,近期AI与机器人概念关注度较高，但多数公司仍处于早期阶段。赛力斯人形机器人已投入,
1779459257,37买的，能不能再上来,
1627974655,乘联分会发布数据显示，11月1—16日，全国乘用车新能源市场零售55.4万辆，同,
1653168882,看的我笑死了，外面几千单几万单的干，江淮就几个散户为了几毛钱在这里来回博弈,
1779518274,一对夫妻，由于男方包小四导致离婚，离婚没有多久感觉双方都不利，又重新复婚，,
1636152760,今年的十倍股，绝对是,
1675213846,18只科创板个股主力资金净流入超亿元,
1663489674,高位爆拉，没有风险提示？,
1770206151,苹果发布会！,
1698259757,$江淮汽车(SH600418)$,
1772635213,现在城乡到处都是甲壳虫，已饱合，汽车业不景气，广汽怎么折腾，利润只能维持，今后不,
1620649502,有一个强大的黑手啊,
1634355423,天孚通信这三天涨二十多个点、你涨了多少？,
1734350784,下午应该会修复一下，看到560,
1779466453,外围怎么暴涨都没有用，寒武纪要赔这200多亿，意味着后面几年的利润都没了，跌停，,
1693492839,中际大哥顶住呀，掩护二弟三弟撤退,
1681486037,利好出货，股价虚高，高处不胜寒,
1768211313,参考阳光电源，或者参考白酒光伏。。都在跑,
1635982683,这周要启动拉升了,
1626806654,订单丢咯,
1701040058,节前振幅很大，拿稳了,
1753923676,真TM垃圾，弱精股，珍珍股，旅游股，吹牛股……,
1750886641,没有国家大力支持，收入超过20亿算我输，还1000亿根本没优势,
1627560713,又被储能搞下来,
1611995686,你们踏马的装都不装了直接抢劫卖公司了,
1641509187,今天肯定跳水翻绿！,
1729663199,余大嘴一顿操作猛如虎，你们帐上还剩250。,
1687571268,要踢出A50？,
1776709453,大家伙就等着数钱吧！,
1764230582,看看隔壁沪电，今天必涨4个电以上,
1668877554,求求大佬也带带可怜的赛狗吧,
1762740951,每10股分红12元，10股=9430元，红利12元，是这样子算吗？红利率是千分之,
1713335477,离36.5又近了一点，就5个点了,
1759709747,比海马还差，怎么啦,
1664742479,有人问我明天买什么会涨？买一只业绩较差的光模块或者存储芯片概念（这些股散户较少）往往会涨停,
1634189127,巨轮涨停了,
1754304971,寒武纪：融资净买入10.01亿元，融资余额182.58亿元,
1628703298,周一还得跌20几块钱,
1720931479,必站上95元。,
1779445456,节后跌停，杂毛公司，电梯战神,
1615952697,美股第一大市值是算力头部公司英伟达，后市大A第一大市值有望是算力头部公司寒武纪,
1690866182,你这个孙子跌起来你第一，涨起来你倒数第一,
1614279475,这哪里是融资，分明是陷阱！,
1668006840,千问分析一下，一字不改在这里了,
1663361052,明天涨停干,
1709459960,你都没有跳空缺口，凭啥跌？,
1641359839,可以举报中国船舶坑害重工股民,
1732032074,咱们就新能源这点优势。天天打压。我就不信你天天AI你真先进吗？可以当饭吃，可以增,
1702117867,比亚迪财报出来洗涤说是汇兑，我寻思营收下降，销量下降，利润下降都怪汇兑是吧，到赛,
1779476689,节后继续涨停,
1735471099,可惜没有英伟达，何况英伟达现在都什么形态了,
1622160252,抄底啊，不要被洗出去了。今年看到500,
1635634419,天孚通信已经涨停了。易中天根本倒不了的。脑子要变通的。都是联动的。就是看天孚通信,
1617406657,关注下汇绿生态，同行业，一颗星星后起之秀，也是光模块，1.6T已生产，正在批量，,
1756744093,大家都跑吗，实在受不了了，没底啊,
1721809929,感谢徐总管总割了我们一茬又一茬,
1751496477,定增没有落地难涨，50亿，2.72股，合18.38元,
1667921810,今天还在跌老子，37成本都没抗住，公司卖给我，那我今年股东大会穿什么衣服去呢，,
1626317948,想低开高走啊自救卖140亿融资盘啊？哈,
1648475630,我他么得是眼瞎了选了你这么个色,
1620077707,这波下看到44,
1616750805,妇联业绩也要爆发了,
1733132459,中际和新易盛买哪个,
1779452283,下一个光伏行业,
1667277152,机会就在最近2-5个交易日了，大家擦亮眼睛，25日股权登记前大概率会涨，不会让太,
1675204243,2025年数据：中国市场动力电池总装机量781.4GWh，同比增长41.6%；磷,
1741218294,这票起码要散户数量倒6万左右才会有机会,
1614760043,成本296，昨天尾盘286卖了一手，如果不卖我今天就回本了啊,
1621448695,……,
1742029423,明天要还这鬼样子就分手了……趋势彻底走坏,
1775926579,明天妥妥的了,
1684865065,石油一涨，这家伙就涨，成了跟屁虫了，哈哈这是逆相关么？石油涨，油车卖不动，电车就,
1662941237,重工挣钱船舶花，一分别想带回家。,
1617890896,这么一下杀。傻苟洗干净了,
1680796066,这货真垃圾。,
1663694298,牛逼哦！没跌停,
1756702460,散户在这股上只有被收割的，绝不适合短线。长线风险不大，但绝没有大的上涨空间，只能,
1674187154,板块红了你还在领叠果然没利空的时候你就是最大的利空没久了，上次跌的还没回去今天反,
1757288913,真恶心，随时都可以买，跌了50%，底部上来反弹不到15%就要收割了，一点格局没有,
1624309359,快跑啊真替冲进去的捉急。为何要去给机构接盘,
1756365498,懒得骂了，今天继续暴跌,
1770994636,中际旭创:H股公告(翌日披露报表),
1728834713,注意了，天天一群托在吹，,
1676704728,今天石油会不会跌停，如果石油把大盘拉下来，其他韭菜地会怎么样……,
1723670185,极好消息来了，要和谈了,
1730818424,盘面不对啊，权重股全面大跌，是外资搞事吗？,
1755142342,抄底抄底,
1706820541,又到了喜事丧办的环节，广汔传统节目,
1779517120,渝富或者中国国投买掉张家的股权。二代海归想法太多。重庆好不容易出的一个高端品牌，,
1646180998,四年了，求求主力拉到我成本价我给筹码让我过个好年,
1655088205,昨天一堆吹利好，不是高开就是涨停，今天收了个阴线，又开始吹周一，我吹ni嘛啊吹,
1678643683,卧槽，又红了,
1724548725,昨天777今天怎么500多，是我眼花了？,
1632325328,主力流出8.37亿该不该跑还是等,
1754345767,今天即将爆炸涨停,
1617360645,百元股指日可待,
1740777215,涨从来都是最少的。。跌从来都是第一个，，说跌，比长安一汽上汽跌的都多，，，无语了,
1720732480,昨天下午就是被煤炭拉升给砸下来的。今天下午煤炭回落了。科技也起不来了。我们只有煤,
1651948336,众散户放宽心，大盘涨到5000点的时候，就是广汽摸到9元的时候，9元以下的可以解,
1620401076,国外建了几个厂。若技术不行，会建厂吗？,
1721729835,不要怕，技术性调整，下周再创新高，相信光,
1668329596,破船不涨，害我的防务也不敢涨了,
1651953900,美股今晚要大跌，明天这个股怎么办？？？,
1665532524,走了不管高低！这个市场走坏了,
1722793322,我说这也没涨怎么人气这么高,
1680100917,最近资金买那么多不要怕,
1633642495,把新易盛换胜宏了等补涨,
1685770505,江淮里的大老就是脑总，谁也不出来托底没格局，向人家陈小总学下格局行？,
1664851827,，小散套里面了,
1626370446,难道又要走昨天那路子嘛,
1711499888,五年内广汽就是第二个广汇汽车，大家拭目而待,
1768727642,周五拉高砸还挺正常的，周一或者周二再接吧,
1640267708,$江淮汽车(SH600418)$,
1619666372,赛狗的散户们，把价格拉上去啊！我的子弹已经打完了，剩下的看你们的了。。,
1627946848,大家有没有发现今天又是对子顶？短期趋势怎么走！,
1779449740,零跑汽车：9月全球交付量达105656台同比增长59%，这对国轩来说也是大利好吧,
1707727607,没有底线,
1727397832,pcb选了个最弱的，珍珍板材,
1708102534,尾盘跑的人不少，难道明天要扑地？,
1700105149,一季报再来个涨停咋样？,
1687917955,船，你对不起从重组起一直看好你的人，,
1637303663,哎，又是低开低走的剧情。起码到-5-6%,
1664233322,保时界,
1661486153,买不到了！一字涨停板！,
1742263376,咱家的芯片在市场上哪个常见的产品是用的咱家芯片，华为手机还是问界汽车？我这个股东,
1612257469,还有老铁在吗我上次发炎后没跑的老铁少挣10个点,
1763123161,量，价，指数全都是失真状态！,
1774300782,都在涨，你在干啥,
1735860383,挣大钱的朋友们可以拯救拯救光大银行，一市盈率基本最低，分红比最高，且2025年一,
1665497428,今天准备-6个点抄底，搏个反弹，目标收益7个点，第二天开盘卖,
1779494015,多点自信。,
1719202840,再跌三天，让我在31元支持一下葛大侠和方大侠,
1686520510,中国中车,
1634631690,广汽,
1663350165,中际旭创：公司有能力保持出货规模的持续增长,
1713975629,无论基本面还是预期和长安一模一样。最多八元价格，典型的被操纵拉台。现在价值回归路,
1779096437,这破股真踏马滴烂，天天跌跌不休，砸盘带头,
1756012164,点，自己去网上查，后面会怎么样,
1666444676,这个股，就像没脑子一样存在着！！！！割！！！恶心死了,
1768738250,你让我好陌生,
1701828210,今天会不会突破42或43，然后好好过个节阿,
1642949128,Cpo都上天了、心态崩了……能不能站起来,
1635346220,请问贵公司2026年国内国外的目标和极限产能到底是多少？800G和1.6T加起来,
1777121264,有知道几号复牌的嘛？？？,
1742130218,我的天,
1779496099,核聚变，重大进展！存储龙头，获爆买超92亿元！活跃资金三季度加仓股曝光,
1677887165,中船协预计2026年我国造船完工量将超6000万载重吨 行业面临“保交船”大考,
1683784821,嗨狗们，快加仓吧。,
1701202001,丑媳妇迟早要见公婆！国轩就是那个丑媳妇,
1702168485,十个亿的净流入创造千亿市值,
1617948976,大哥晚上一定超预期，让你小弟新易盛跟着喝点汤,
1779459462,那边要和好了，你这太子还能当多久啊,
1726915934,融资客大幅净买入的科创板股（附股）,
1680339351,挂在半山腰,
1779503859,本是同根生，怎么就成了对手盘？,
1730134729,一个人越活得轻松，不是因为能力更强了，而是终于学会了“反着来”。,
1721347803,有啥泡沫，遥遥领先。全球都羡慕继续涨3000块钱，不是个高五千八千，都不是个梦。,
1759890774,只要大科技持续上涨，破船注定没戏,
1711981186,英伟达盘后探底后已回升，,
1661856832,真服了，加仓加到10手了,
1648704950,一会儿该大长腿了,
1671544910,构思玩意，过完年没涨过,
1703138060,调整一段时间就好了,
1622538634,之前反复提醒小散高抛做t了,
1613115278,有中信这个操盘lj就好不了,
1732992882,杀恐慌，今天会拉红的,
1620139421,太扯淡了,
1676730032,大家看看花旗的嘴脸，一边嘴上说卖出，一边买入,
1707606299,真是个小丑，笑死我了，玛莎拉蒂？然后尊跌？一个字尊,
1610167110,毛，天天跌,
1680474578,唉再创新低，底还需几天？抄底越抄越套、信心有但真没用。,
1751651095,收割散户,
1699372875,前期洗盘忍住不走终于验证是正确的，两百万的车无敌了！,
1688654522,超大资金正偷偷买入工业富联这是工业富联120分钟K线图，很明显显示，自2月2日以,
1704015090,所以，你们不当定增一会事？所以主力也不当一会事的下杀。他们筹码便宜。能扛个一年半,
1779475145,华为赛力斯战略合作再升级问界王者归来问鼎世界,
1624424862,上证指数突破4025后，接下来主力会打这几天未涨的，就是胜宏科技了。本轮大牛市是,
1743865038,下午看到站上35日均线,
1716084242,跟港股差距越来越大了，哎，半死不活的,
1728661299,还是炒大泡沫好啊，天天暴涨,
1618602978,胜宏一战，妻离子散名不虚传,
1779060737,还是一哥好,
1770612770,不当龙头你8月20号拉什么大阳线，可怜被你骗进来了！,
1665958436,过年了，能不能涨几点让大家高兴点！,
1668054015,到处都能刷到这个票，也不知道明天有多少人会挂到山顶上,
1716082064,内资这群东西,
1638552528,涨就是硬道理,
1777849704,去年12月入手的问界M8，说实话除了智驾整体体验一般，特别是在走非铺装路面时，车,
1637510828,坚守必有厚报，低位刚起步，待升待涨、必过前高！！,
1639063671,怎么回事啊这个坑,
1639074199,倒二？是要争取做倒一吗,
1616034262,大牛股业绩居然爆雷了,
1666480562,收盘还得绿,
1764430255,最近落下小米太多了，今天再补一点仓位，别的不说，问界的车是真的好开，现在这个价位,
1613102989,用不着高水平、高技术！拿着国轩直到它量产就行了,
1779497520,寒武纪要不是国家层面顶着股份10元左右,
1673156176,走啦走啦,
1639967846,金融时报报道，中国能源储能与电力设备企业在全球AI数据中心与能源基础设施扩张中需,
1769552603,量太大了，下午全被套,
1700875866,唉，一直想买一直不回调,
1719577020,1444.44元如果能到就获利了结，然后看最后的烟花绽放、熄灭……,
1689184444,诱空！快加仓！别让他跑了！,
1664293558,家人们，跑就对了，别再便宜这些庄了,
1734031283,没有人管一管吗？,
1666429816,精准控价，买了就跑不掉，除非割肉或等主力吸够血来一波,
1724546227,买了半成仓位，可以加十九次,
1668904281,套人坑股票，这个不能买,
1639283240,明天该涨了,
1721910397,这一吻到底价值多少，周一我们拭目以待,
1664847784,哈哈,
1702649054,姐妹们，沪东若“嫁”进来，是控股还是战略投资？股本会“超生”还是“独宠”？,
1607960763,完了，今天估计要跌惨了,
1752504261,跑的快！,
1703025039,市场在犯错误！短期资金在逃跑去追科技去了！,
1653406356,真无耻透顶,
1776988452,只要一拉升，马上有资金死命砸下来，xnm,
1779027173,蛋白涨疯了,
1663951204,中鸡=江波龙新易盛=兆易，明天怎么走有标杆了,
1779422878,科技越发越多，价格会越来越低,
1628204528,寒武纪：融资净偿还1.91亿元，两市排名第九（11-20）,
1635070594,相比摩尔线程你啥也不是，人家有渲染，你就一个没产能没生态的泡沫asic,
1627078849,这玩意为啥和比亚迪谁具有价值？市值比亚迪低,
1665190899,跌到52可以allin吗？,
1747551674,坐稳了,
1652174762,赶紧调仓，赶紧调仓，赶紧调仓，在这边没有任何意义,
1670250301,开市6个点起了,
1743159436,炒股最忌讳情绪上头，一句遥遥领先喊高潮一大批人。还是要投资王传福这种低调的人,
1612801253,旗开得胜。满载而归,
1681355403,菊花赢麻了,
1634398120,国恩姐姐没说卖哦，继续持有，目标10个点,
1779513992,增兵中东，利好大船！,
1625121185,没有人玩了，这么大摊子，才几个亿,
1777513614,有20多万人民币？买酒喝喝不好吗？,
1714906266,当一个股票涨幅50倍了套住的人会如何面对,
1768342504,小日子和棒子大跳水,
1665049579,第二个暴风科技？,
