post_id,stock,time,title,label,note
1774897345,688256,2026-09-18 11:14:47,科创新,,
1774981422,688256,2026-09-18 13:25:45,昇腾960刚发布，AI芯片早盘为何集体走强？,,
1775004465,688256,2026-09-18 13:42:26,哈哈哈，熟悉的味道，这种不能碰的,,
1775006968,688256,2026-09-18 13:44:09,看看沈鼓（神股），游资做情绪套利了，国家队要压情绪了，寒王是压情绪龙头，砸,,
1775010309,688256,2026-09-18 13:46:37,一塌糊涂,,
1775023414,688256,2026-09-18 13:54:54,这也,,
1775033884,688256,2026-09-18 14:02:19,萎了萎了，150倍不该跌吗？,,
1775043391,688256,2026-09-18 14:09:26,交期拉长至40个月！零部件告急重塑设备产业链，半导体设备ETF招商（561980）标的指数午后涨超4%！,,
1775045910,688256,2026-09-18 14:11:27,这些人为了出货都不惜拉高纳斯达克期货掩护,,
1775051577,688256,2026-09-18 14:15:52,寒王已死，影响科技,,
1775064841,688256,2026-09-18 14:25:31,仓位总结，操作帖，9.18,,
1775145492,688256,2026-09-18 16:15:55,9月18日收评！下午沈鼓集团跟信诺维太亮眼啦！,,
1775146583,688256,2026-09-18 16:20:32,科创芯片设计ETF霸榜，半导体产业链全面爆发,,
1775152312,688256,2026-09-18 16:45:10,科创板百元股达105只，联讯仪器股价最高,,
1775183211,688256,2026-09-18 19:36:18,本周连续五天中阳线节节上涨，激发了市场各方围追次新股与半导体芯片股的仿效热情，但,,
1775211586,688256,2026-09-18 22:21:44,涨跌随意，结果都一样。,,
1775308835,688256,2026-09-20 10:17:43,中科曙光年度调整收官解析｜情绪冰点极致缩量、利好深度钝化、倍量拐点将至,,
1775349762,688256,2026-09-20 18:51:57,跌了11个交易日没人喊疼，反弹3天全在喊牛市？,,
1775432902,688256,2026-09-21 09:31:11,老套路开盘啦一下。三分钟开始跳水。中盘大跳。尾盘微拉一下。大概率收绿,,
1775472069,688256,2026-09-21 09:44:11,明显诱多,,
1775647037,688256,2026-09-21 11:21:44,GPU排名，综合4个维度加权：公开出货/营收规模、商业化落地、生态成熟度、客户广,,
1775749039,688256,2026-09-21 13:50:34,红都吃力,,
1775784333,688256,2026-09-21 14:22:03,美长债收益率又跌了，外资又跑了，晚上保美股。估计明天要保单创拉单创，全A中位数要,,
1775791834,688256,2026-09-21 14:28:54,"中科院计算技术研究所陈云霁答21：芯片工艺很重要，但设计方法也很重要；未来芯片性能由设计芯片的AI水平决定；基础研究的目标是能够走出一个新的体系（作者：吴佳楠编辑：孙超逸,张伟贤,实习视频编辑陈迎禧）",,
1775795202,688256,2026-09-21 14:31:42,为什么“高位+追涨+杠杆”几乎是必亏结构1、情绪衰减的渐进性——让你误以为还有时,,
1775811646,688256,2026-09-21 14:43:52,笑鼠，还有人在这幻想呢,,
1775923000,688256,2026-09-21 21:13:30,13只科创板股今日大宗交易平台发生交易,,
1775993850,601138,2026-09-22 09:15:53,高开低走，低开低走，开盘就低走，神股,,
1776038518,601138,2026-09-22 09:38:00,大哥你让70以上的怎么办？,,
1776048559,601138,2026-09-22 09:41:09,怎么这么垃圾啊,,
1776057936,601138,2026-09-22 09:44:10,又开始拉稀了,,
1776060885,688256,2026-09-22 09:45:10,一辈子高开低走,,
1776087632,601138,2026-09-22 09:55:27,放量了，尴尬了出货,,
1776101607,601138,2026-09-22 10:01:39,妇联现在这么废？,,
1776107619,688256,2026-09-22 10:04:25,为什么摩尔、木xi比它强,,
1776122180,601138,2026-09-22 10:11:25,活不起那死出又拿出来了,,
1776123424,688256,2026-09-22 10:12:00,彻底沦为后排,,
1776207203,601138,2026-09-22 10:59:29,YW哥再见,,
1776249164,601138,2026-09-22 11:31:52,恶心,,
1776249509,601138,2026-09-22 11:32:21,抄底农业富士康！,,
1776309258,601138,2026-09-22 13:18:45,真丅M恶心,,
1776320881,601138,2026-09-22 13:27:10,，天天冲高回落。,,
1776343554,601138,2026-09-22 13:43:28,结合这几天的K线可以总结出此股突破失败、抛压较重，短期可能震荡整理,,
1776377756,601138,2026-09-22 14:13:50,我已经愤怒了,,
1776382913,688256,2026-09-22 14:17:45,阿里发布最强国产AI芯片真武V900：显存超英伟达B200，量产要等到2027年,,
1776450173,688256,2026-09-22 15:14:13,美股科技大涨两天，我们的科技两天走震荡，跟涨也跟不起来，弱的不是一点半点,,
1776485798,601138,2026-09-22 17:21:47,天天跌，天天赔钱，真是要崩溃，昨天大盘大涨回三千多，今天大盘微红，跌回去两千多，,,
1776494582,688256,2026-09-22 18:02:13,海光信息发布端侧算力芯片CPU1000，阿里加码AI基建算力链共振【18:00】,,
1776505173,601138,2026-09-22 19:04:29,硬件冲高回落，AI应用突然爆了！兴森早盘走，下午又接回来,,
1776512856,601138,2026-09-22 19:51:44,主任我又回来啦！记得刚来的时候你高高在上最后被践踏的惨目忍睹！我含泪离去！现在我,,
1776577128,601138,2026-09-23 07:52:48,节前效应，有借外围利好，主力资金天天高开低走，出货变现。,,
1776635063,688256,2026-09-23 09:36:01,利好再大打压越甚,,
1776688233,688256,2026-09-23 09:53:56,又是浪费时间的一天，各位该干嘛干嘛，别看了，浪费表情。。。,,
1776696223,688256,2026-09-23 09:57:00,伟大的企业往往需要一场暴跌洗盘吗？,,
1776719549,688256,2026-09-23 10:06:52,无语了，怎么这么垃圾的呢，外围大涨这垃圾还跌,,
1776831637,601138,2026-09-23 11:13:45,死气沉沉,,
1776857925,688256,2026-09-23 11:39:55,美光5,,
1776871910,601138,2026-09-23 12:22:38,目前看61块就是铁支撑，踩上去就有资金托底，上方67到70块是实打实的强压力区，,,
1776936775,601138,2026-09-23 13:48:05,因为快4000点了，大盘又要砸了,,
1776953260,688256,2026-09-23 14:03:18,寒武纪成了垃圾股，完全没人气了，没人玩，换手率0.66%。,,
1776953725,688256,2026-09-23 14:03:43,仓位总结，操作帖，9.23,,
1777038743,601138,2026-09-23 15:21:41,盘中狠狠的卖，集合竞价又买回来洗盘无疑,,
1777044699,601138,2026-09-23 15:36:17,这波看到60，甚至59,,
1777052022,601138,2026-09-23 16:00:17,这里被焖屁憋死了多少人啊明天看反抽,,
1777057353,601138,2026-09-23 16:19:10,爷爷英伟达6连阳，你连续6根阴柱子！,,
1777074389,688256,2026-09-23 17:31:30,第5根阴线，在5天线之下，很弱,,
1777087791,601138,2026-09-23 18:48:33,今天的量怎么这么惨,,
1777096114,601138,2026-09-23 19:38:59,周三复盘：工业富联、新易盛、兆易创新,,
1777119271,601138,2026-09-23 21:39:29,真没意思，割肉存银行去,,
1777129997,688256,2026-09-23 22:24:00,科技泡沫四层叙事陷阱完整闭环第一层：概率偷换：把「可能」包装成「必然」，放大上行,,
1777267396,688256,2026-09-24 09:52:27,苟汪开盘砸电子厂，砸一下，又拉电子厂,,
1777313638,601138,2026-09-24 10:12:55,大学生66的本,,
1777335178,601138,2026-09-24 10:24:34,为啥我挂61.1和61.15都没有买入成功呢,,
1777338024,688256,2026-09-24 10:26:11,昨天这拉及跌，就知今天会用这大拉及托指数,,
1777340328,601138,2026-09-24 10:27:26,割了从此再也不玩了,,
1777343014,688256,2026-09-24 10:28:59,GPU国产替代，走成这样，丢人。,,
1777352853,601138,2026-09-24 10:34:30,不跌了吗？,,
1777359742,601138,2026-09-24 10:38:14,我67.3的本，你们还有比我高的吗,,
1777368158,688256,2026-09-24 10:42:45,收盘跌停板,,
1777377853,688256,2026-09-24 10:48:45,小心点，一会瀑布杀,,
1777422521,601138,2026-09-24 11:18:20,924已经两周年了，A股这两年发生了啥？,,
1777428570,688256,2026-09-24 11:22:50,产能吃紧！台积电明年1月或涨价 AI驱动先进封装持续高景气(附股),,
1777433336,601138,2026-09-24 11:26:06,马上到60了,,
1777439913,688256,2026-09-24 11:31:00,鸡贼不这票多头主力？无量为了出货硬拉一波。又套一批。,,
1777456999,601138,2026-09-24 12:07:48,美股涨时它不涨，美股一跌它的理由是因美股下跌,,
1777466073,688256,2026-09-24 12:48:13,买了1000万 下星期三连板 还有谁不服 ！！！,,
1777477138,601138,2026-09-24 13:06:48,今天割了，66回本的时候不卖，今天卖了。感觉会到50多，,,
1777493101,601138,2026-09-24 13:21:39,垃圾的死票，谁买谁亏,,
1777507412,688256,2026-09-24 13:34:25,就像30年前的邮票，终将沦为废纸一张，无论怎么拉抬，也掩盖不了，最终的下场,,
1777508678,601138,2026-09-24 13:35:42,股民亏光了也不会影响人家股东赚钱,,
1777545818,688256,2026-09-24 14:08:32,难为这货，今天不敢大出货，一直托,,
1777600661,601138,2026-09-24 14:51:41,26年9月24日股市收评！散户又被主力买预期卖事实了！C中塑就是下一个沈鼓！不少个股支撑已破位新一轮回调！,,
1777671144,688256,2026-09-24 18:03:11,暴跌,,
1777672851,688256,2026-09-24 18:12:40,活跃个股：中际旭创成交169亿元 N百瑞吉换手率97%,,
1777681750,601138,2026-09-24 19:18:13,对你无话可说。,,
1777771873,601138,2026-09-25 18:52:20,太空AI卫星科技巨头大动作！发射时间确定（附股）,,
1777801331,601138,2026-09-26 11:08:36,周一水下等你，要求不高，水下1个点就可以了，先弄个1000股、水下2个点就弄20,,
1777816295,601138,2026-09-26 18:41:17,AI硬件加软件龙头业绩,,
1777831173,601138,2026-09-27 08:36:26,微软大涨3.66%高度关联的工业富联应有所表现@,,
1777838204,688256,2026-09-27 11:45:15,K周报：美债利率居高不下，为何美股AI巨头逆势走强？（09.21‑09.25）K,,
1777852531,601138,2026-09-27 17:56:53,十条铁律,,
1777863034,688256,2026-09-27 21:28:50,中美达成重要科技共识，明天开始科技股暴涨了，彻底买不到了，年底看到4000元附近,,
1777875410,601138,2026-09-28 06:09:40,从上市公司半年报看向新向优向好（财经深一度）,,
1777890079,688256,2026-09-28 09:06:55,9月28日早评：假期后首个交易日，先看市场如何消化,,
1777960189,601138,2026-09-28 09:43:42,哎，心态炸裂，70的本,,
1777964472,601138,2026-09-28 09:45:15,进场扫货。,,
1777989162,601138,2026-09-28 09:54:16,等40,,
1778007580,601138,2026-09-28 10:01:23,太残了……,,
1778087219,601138,2026-09-28 10:39:21,要补仓的别今天别动，明天肯定是低开,,
1778099635,688256,2026-09-28 10:44:41,化债过程需要大家支持,,
1778101824,601138,2026-09-28 10:45:45,你也要跌5个点？,,
1778106386,601138,2026-09-28 10:48:03,58.5买入700股,,
1778111263,601138,2026-09-28 10:50:56,割完就涨,,
1778112736,688256,2026-09-28 10:51:57,永别了，再也不玩了,,
1778121105,601138,2026-09-28 10:58:00,看来是缺我这点钱啊，我一买就跌,,
1778127885,601138,2026-09-28 11:02:31,各位幸存股神：现在抄底会被抄家吗,,
1778137213,601138,2026-09-28 11:10:33,下跌趋势不谈低，大盘企稳才能买,,
1778149895,688256,2026-09-28 11:21:28,先破1000,,
1778174687,688256,2026-09-28 12:09:06,$寒武纪(SH688256)$,,
1778176865,601138,2026-09-28 12:18:04,我画的第2根紫线就是本次下跌支撑位，差不多是前面低点52.5附近然后反弹到58（,,
1778181484,688256,2026-09-28 12:37:49,韩王还会拉起来吗,,
1778218993,601138,2026-09-28 13:28:54,哈哈哈，那些托们，感谢你们让我一早就清了,,
1778242083,601138,2026-09-28 13:48:59,已满仓，只能装s或等s,,
1778259087,601138,2026-09-28 14:07:34,不针对工业富联，真想，涨不跟，人家涨多了调整你比它们还着急。真金融危机，你再怎么,,
1778289342,688256,2026-09-28 14:40:39,我先把话放在前面：今天最值得看的不是指数跌了多少，而是成交额从2.15万亿直接掉,,
1778313324,688256,2026-09-28 15:02:38,可以，还在1000以上,,
1778327045,601138,2026-09-28 15:28:21,唉,,
1778330937,688256,2026-09-28 15:36:52,大盘3800保卫战：双创、科技、黄金，节前怎么看？,,
1778361884,688256,2026-09-28 17:36:48,高盛推演的寒武纪2406元目标价错得离谱。它所采用的估值锚，本质假设是市场愿意再,,
1778377319,688256,2026-09-28 18:57:51,明天就要破千了，某一天破百我们就举杯庆祝,,
1778405682,601138,2026-09-28 21:37:49,英伟达大涨,,
1778406769,601138,2026-09-28 21:42:03,英伟达1500亿回购股票，富联主任是第一大代工，明天能不能来个涨停啊,,
1778410299,601138,2026-09-28 21:59:15,你爹英伟达离新高也就差四块了。你这的儿子越跌越下去了。都跌到58了。,,
1778421621,688256,2026-09-28 23:02:31,冰河时代了么,,
1778444256,601138,2026-09-29 06:38:57,9月29盘前；长飞当下操作及思路,,
1778455268,300308,2026-09-29 08:18:34,暴涨后跌去42%！中际旭创还好吗？,,
1778509294,300308,2026-09-29 09:38:21,跌起来9个点不费事，涨起来一个点都费劲,,
1778510922,300308,2026-09-29 09:38:58,认知不够，吃了面，割肉等节后了,,
1778513959,688256,2026-09-29 09:40:14,立即换到锡南科技301170,,
1778552113,300308,2026-09-29 09:57:40,融资盘啥时候爆？？,,
1778552190,300308,2026-09-29 09:57:43,上证现价3827点，比较看好啊，雨欣开盘抢筹！科技兴国，昨天英伟达大涨，雨欣开盘,,
1778554246,601138,2026-09-29 09:58:46,一步下一个台阶，真怂,,
1778555491,300308,2026-09-29 09:59:26,$新易盛(SZ300502)$$中际旭创(SZ300308)$$中际旭创(SZ300308)$上证现价3827点，比,,
1778560752,300308,2026-09-29 10:02:02,头铁的继续，这才哪到哪啊，开盘给机会拉升了,,
1778564310,688256,2026-09-29 10:03:55,明显是这波寒武纪易中天带着大盘去3700，根本没有量能支持涨,,
1778565693,601138,2026-09-29 10:04:36,平台老师强力推荐，大家千万要拿住，最近越来越多的人开始在老师的带领下买入了，大家,,
1778568889,601138,2026-09-29 10:06:14,八根阴线，不想让人活了,,
1778569837,601138,2026-09-29 10:06:47,你不是英伟达产业链吗？怎么这个德行？,,
1778572457,601138,2026-09-29 10:08:12,都不敢看还剩几块钱了,,
1778574383,300308,2026-09-29 10:09:20,这个地方不敢买就不要炒股了，底部摸底，再做个双头，买进最少还能吃80个点,,
1778576557,601138,2026-09-29 10:10:36,跌破30！我来加仓！,,
1778580153,601138,2026-09-29 10:12:47,就问牛逼不牛逼历史上谁有过八连阴mbd,,
1778584105,601138,2026-09-29 10:15:21,英伟达，你的跌停，,,
1778588640,601138,2026-09-29 10:18:26,不管怎样感谢工业富联，七月那一波，靠工业富联回了本，69.33卖了。,,
1778598890,300308,2026-09-29 10:25:42,也差不多了吧，沙的差不多了,,
1778603728,300308,2026-09-29 10:29:31,上吧，锤爆空头！,,
1778609051,688256,2026-09-29 10:33:40,全市场就看你了,,
1778613886,300308,2026-09-29 10:37:30,两市全天特大单净流出581.74亿元，其中10股特大单净流入超2亿元，彩虹股份特,,
1778618677,300308,2026-09-29 10:41:19,大光里面的机构资金在疯狂跑路中,,
1778623143,300308,2026-09-29 10:45:01,空头们：为什么中际旭创每次成交量都是第一？说明钱都在这,,
1778627776,300308,2026-09-29 10:48:55,和一样难,,
1778630352,300308,2026-09-29 10:51:09,808的底，等起飞了,,
1778631897,300308,2026-09-29 10:52:33,有我做空还想涨，做梦去吧,,
1778633391,300308,2026-09-29 10:53:48,第一波大跌及反弹结束，开启为期半年以上的阴跌！,,
1778645335,300308,2026-09-29 11:04:51,他们出完货了。剩下基民托底的钱在。。。。,,
1778647606,601138,2026-09-29 11:07:02,真废了这股，想吐，每天跌不知道在跌什么,,
1778649833,688256,2026-09-29 11:09:09,科技泡沫现在是下跌中继，每次反弹都是逃命机会！不要抱有任何幻想！不信就会付出血的,,
1778650416,300308,2026-09-29 11:09:44,明摆着还要跌还在这里装,,
1778654420,300308,2026-09-29 11:13:45,跌了快20个点，没点反弹吗？,,
1778656034,300308,2026-09-29 11:15:22,节后看瀑布,,
1778664587,300308,2026-09-29 11:24:28,快跑,,
1778665623,601138,2026-09-29 11:25:34,加仓加仓加仓十手。,,
1778674129,300308,2026-09-29 11:39:29,MD今天就1万亿成交量，还玩个得啊，大票全部装死，熊市也不过如此吧！,,
1778676349,601138,2026-09-29 11:46:44,跌的时候跌最多。涨起来涨都涨不起来。大盘都红了绿联还是绿。,,
1778682172,300308,2026-09-29 12:14:12,科技是可以拿来反复炒作的，不是商业航天那种快餐行情可以比的，科技的韧性很强，下一,,
1778685827,601138,2026-09-29 12:37:24,离谱了，物极必反！,,
1778695924,300308,2026-09-29 13:05:29,明天依然可以继续做空,,
1778701334,300308,2026-09-29 13:11:25,还有人类吗,,
1778713115,601138,2026-09-29 13:23:56,奇耻大辱啊,,
1778717368,300308,2026-09-29 13:28:27,今天怎么不跟港股了，真是一坨,,
1778732393,300308,2026-09-29 13:43:02,韩股上午两次盘中翻红都没能持续，现在尾盘跳水了，跳的还挺快，快-2%了。以A股多,,
1778738690,688256,2026-09-29 13:49:50,这里面高位接盘的都是基金,,
1778740832,601138,2026-09-29 13:52:17,就知道吹牛，还103回购,,
1778745483,300308,2026-09-29 13:57:36,一边寻找好价格，一边力争捕捉高增长|哑铃策略Pro,,
1778753287,300308,2026-09-29 14:06:28,听劝，明天又是暴跌的一天，不要抱有任何幻想,,
1778754710,601138,2026-09-29 14:08:03,气我是吧，气得我买弄成卖了.,,
1778756056,300308,2026-09-29 14:09:29,越跌散户越多！散户越多，够主越不愿意拉！恶性循环！,,
1778761125,300308,2026-09-29 14:14:41,还会跌吗,,
1778764764,601138,2026-09-29 14:18:33,大盘+20个点，它也不会红,,
1778779895,300308,2026-09-29 14:32:36,拉回来安抚一下情绪，过节回来烧开水等着入锅吧,,
1778782486,688256,2026-09-29 14:34:57,要充涨停了,,
1778783882,601138,2026-09-29 14:36:01,怎么成狗不理了，大票一天玩几毛钱,,
1778784986,300308,2026-09-29 14:36:53,市场最担心的加息落地后，全球科技股没有继续走弱，反而出现了一轮逆势反弹。这个现象,,
1778795144,300308,2026-09-29 14:45:37,大哥,,
1778799944,300308,2026-09-29 14:49:03,韩创离职背后：大成基金“风格单一”困局待解,,
1778802572,300308,2026-09-29 14:51:05,股指期货猛拉的时候它不涨，股指期货往下砸的时候它一头往下栽，中际真是祸害,,
1778824043,300308,2026-09-29 15:15:18,没人玩了,,
1778845768,300308,2026-09-29 16:34:11,今天最重要的消息应该是新加坡的14.5亿新元（约11美元）落地，这给全球资本增加,,
1778849460,601138,2026-09-29 16:52:43,9.29复盘分析:长飞、长鑫、工业富联后续思路分享,,
1778857503,300308,2026-09-29 17:33:56,一文读懂创业板人工智能：从算力底座到AI应用，产业链到底在讲什么？,,
1778859115,300308,2026-09-29 17:42:17,就是这个女人2个月的2篇文章，让中际旭创再也起不来了....,,
1778864119,300308,2026-09-29 18:10:50,给大家说个刚注意到的点，中际旭创近期走势震荡，多数人看到的是回购、分红等消息，该,,
1778866956,300308,2026-09-29 18:28:09,昨天科技杀跌，今天终于止住，明天我可能会整理一下仓位过节,,
1778867918,300308,2026-09-29 18:33:51,创业板指从4380跌下来，已经跌掉了1240点，跌幅超26%！今天地量，很多人说,,
1778887243,300308,2026-09-29 20:38:24,一文读懂人工智能产业链：算力、连接、应用“三层楼”，创业板人工智能ETF华宝（159363）怎么对应？,,
1778891733,688256,2026-09-29 21:05:16,转分享，盘后大利好，这五个方向务必重视了。我都这么努力学习，老天爷开眼开开眼吧！,,
1778894100,601138,2026-09-29 21:18:55,晚上英哥一定创新高，工业富联终结八连绿,,
1778901406,300308,2026-09-29 21:56:14,正规市场,,
1778903714,300308,2026-09-29 22:08:30,我以前就说过，美国的资本是长期的，大多都是机构基金，关系着全美国人的钱袋子，我们,,
1778904018,300308,2026-09-29 22:10:21,摩根大通还在加仓H股，一边说要限制政府采购一边在加仓，我也是服了,,
1778907133,300308,2026-09-29 22:28:41,现在都不知道美股拉高，对你是好还是坏，中际的预期估计主力都。,,
1778909228,300308,2026-09-29 22:41:12,老馒头是北京户口，易中天是河北户口,,
1778918932,300308,2026-09-30 00:35:53,"大模型越来越""聪明""，靠什么撑起来？一文读懂创业板人工智能、创业板人工智能ETF（159363）",,
1778929410,300308,2026-09-30 06:49:26,光模块龙头，昨天微跌，还在均线下方，高位横盘整理，缩量。这票我盯的是长线，光模块,,
1778931191,300308,2026-09-30 07:17:20,银河证券10月十大金股出炉,,
1778931849,300308,2026-09-30 07:27:10,烤馒头都快新高了，你快新地,,
1778933417,300308,2026-09-30 07:41:44,如果你有需求在下方贴文下留言,,
1778934059,688256,2026-09-30 07:46:22,央妈给了定心丸，属实用心了。今天艳阳普照，提前祝大家假期愉快！,,
1778945948,300308,2026-09-30 08:54:16,一百多年后收回成本发大财，死死攥紧拿住了富贵死忠求,,
1778952408,688256,2026-09-30 09:13:06,这轮反弹的起点并不复杂，海外油价和美债收益率回落，让全球风险偏好先松了一口，A股,,
1778958269,300308,2026-09-30 09:21:45,开盘就砸立帖为证，主线是房地产,,
1778967140,300308,2026-09-30 09:27:46,高开低走竞价都这么菜,,
1778988243,300308,2026-09-30 09:36:16,医药牛逼啊,,
1778989401,300308,2026-09-30 09:36:39,算力越堆越高，创业板人工智能到底“智能”在哪？一文读懂AI产业链与创业板人工智能ETF（159363）,,
1779019218,688256,2026-09-30 09:47:40,发生了什么,,
1779028290,300308,2026-09-30 09:51:21,四会富仕在投资者关系活动中表示，新兴业务目前处在高速成长阶段，预计2026年度公,,
1779033163,300308,2026-09-30 09:53:25,大垃圾桶,,
1779035009,300308,2026-09-30 09:54:16,快点砸吧别装了,,
1779042840,300308,2026-09-30 09:57:48,这是人干的事吗？,,
1779054687,300308,2026-09-30 10:03:29,诈骗,,
1779059738,688256,2026-09-30 10:06:18,这种过法。估计第三季不及预期了,,
1779063842,601138,2026-09-30 10:08:32,又是老套路拉高出货的节奏,,
1779065030,300308,2026-09-30 10:09:11,快跑呀兄弟们，主力受不了你们了,,
1779067074,300308,2026-09-30 10:10:19,不要装了下来吧！,,
1779079744,688256,2026-09-30 10:16:50,再次跌破年线，兄弟们，扛不扛得住？,,
1779084533,300308,2026-09-30 10:19:27,清了，你可以涨了，一个像样的反弹都没有,,
1779088748,601138,2026-09-30 10:22:02,没啥事，照旧上来骂一嘴，lj,,
1779093071,300308,2026-09-30 10:24:34,玛德，亏急眼了七个点也追了，我怕是疯了哦，唉勉强能吃一碗农家猪脚饭，这个节过不好,,
1779094953,688256,2026-09-30 10:25:42,这控盘能力满分,,
1779096061,688256,2026-09-30 10:26:17,活该被世人踩，永远,,
1779097557,300308,2026-09-30 10:27:08,简直了,,
1779103590,300308,2026-09-30 10:30:25,远离科技股,,
1779104308,601138,2026-09-30 10:30:51,服了,,
1779107731,688256,2026-09-30 10:32:41,继续买，半导体才是市场最靓的仔,,
1779112689,601138,2026-09-30 10:35:16,早上以为开始组织反攻了，结果是绿头带头砸哥,,
1779114894,601138,2026-09-30 10:36:32,牛逼,,
1779119617,601138,2026-09-30 10:39:24,连续10连阴倒了八辈子煤了,,
1779123252,300308,2026-09-30 10:41:52,808如果破了就会到807.99了必须顶住,,
1779137095,601138,2026-09-30 10:52:33,今天就这样了,,
1779140519,300308,2026-09-30 10:55:23,庄，装死,,
1779142786,688256,2026-09-30 10:57:22,为什么寒武纪一直跌，那是因为hbm3e黑市价格一直在涨，最近36gb海力士hbm,,
1779144003,688256,2026-09-30 10:58:23,全球第一砸盘王,,
1779146959,688256,2026-09-30 11:01:02,跌破1000,,
1779157446,300308,2026-09-30 11:09:51,明年百元见，,,
1779169048,300308,2026-09-30 11:20:23,我们都在地产，各位老登们，千万不要来,,
1779174768,688256,2026-09-30 11:25:46,鸡肋时间，只有参禅打坐了,,
1779181216,688256,2026-09-30 11:32:32,好股,,
1779188827,300308,2026-09-30 11:51:00,去老登地产一天回本买什么科技,,
1779194953,300308,2026-09-30 12:17:02,成交量好少，虽然成交量还是大A第一。达资金出货肯定没出完，是休息一下继续涨还是行,,
1779195405,688256,2026-09-30 12:19:34,来10个跌停板。,,
1779202824,688256,2026-09-30 12:59:05,下午会不会跌破1000收盘,,
1779211790,300308,2026-09-30 13:06:59,一路西瓜皮滑倒哪里了,,
1779217792,688256,2026-09-30 13:12:30,科技股泡沫一旦戳破，这厮跌到100不是不可能的。,,
1779218785,688256,2026-09-30 13:13:17,你别拉拉扯扯的，就直接一点，跌到一块钱去，我买100万亿股,,
1779220126,601138,2026-09-30 13:14:20,57怕也保不住了,,
1779220493,300308,2026-09-30 13:14:36,恶心,,
1779223688,300308,2026-09-30 13:17:02,阴跌的股票散户才喜欢，要是一下子大跌了，散户还会来抄底吗，钝刀子割肉才爽,,
1779223695,601138,2026-09-30 13:17:02,涨的没中际多。跌得比中际还要多。,,
1779224586,300308,2026-09-30 13:17:39,看你还装不装大资金砸不烂你长这么高,,
1779227307,688256,2026-09-30 13:19:49,全身都是泡沫！！！高价发行拉高注水阴跌三年，远离！！！远离！！远离！！！,,
1779242754,601138,2026-09-30 13:34:22,$工业富联(SH601138)$,,
1779250303,601138,2026-09-30 13:42:06,这么多人骂，说明还没跌透,,
1779252234,688256,2026-09-30 13:44:03,砸到800元，也有几十倍涨幅！,,
1779256067,300308,2026-09-30 13:47:44,这来还是要做好最后一小时，超级特大暴跌的准备,,
1779257088,300308,2026-09-30 13:48:40,如何才能躲过节后暴跌，一般节前提前空仓最保险,,
1779257621,300308,2026-09-30 13:49:11,这也是我们普通散户的普遍做法：节前提前三天空仓，等节后暴跌再买入,,
1779260509,300308,2026-09-30 13:52:04,卖公司喽，烂便宜,,
1779271363,300308,2026-09-30 14:02:33,科技股的末日看来走到头了，已毫无抵抗能力，雪崩,,
1779296656,688256,2026-09-30 14:27:30,这个小甜甜，早已混成了牛夫人,,
1779308011,601138,2026-09-30 14:39:04,卖出没有意义，买进节后三季报,,
1779317988,300308,2026-09-30 14:48:08,9月PMI数据出炉，你看懂背后的投资逻辑了吗？,,
1779318137,300308,2026-09-30 14:48:12,你们都买到公司了吗,,
1779328933,300308,2026-09-30 14:56:25,这个股票的操作就是，只要高开，开盘价1%挂卖单，基本当天都会回到昨天的收盘价。昨,,
1779333918,601138,2026-09-30 15:01:14,成交30亿，流动性没问题。作为算力服务器龙头，它就是AI硬件这条线的风向标。节前,,
1779341514,300308,2026-09-30 15:10:27,下跌趋势明显。,,
1779344158,300308,2026-09-30 15:14:54,欢度国庆，多去刺激消费，只有花出去才是自己的，这才哪到哪，还是这句话，变天了要信,,
1779349708,300308,2026-09-30 15:30:42,恭喜恭贺祝福大家节日快乐！。本菜决定节日吃面一周！庆祝祖国,,
1779357755,688256,2026-09-30 15:55:54,几年内必到三十块,,
1779382199,688256,2026-09-30 18:03:00,高管您好：贵公司产能瓶颈如何解决？,,
1779382502,688256,2026-09-30 18:05:00,董秘您好，2026世界人工智能大会将于7月17-20日举办，贵公司有参加吗？,,
1779382882,300308,2026-09-30 18:08:22,厉害，投资中石赚了15个亿，明天清仓减持得了,,
1779384713,300308,2026-09-30 18:21:06,祝李团长国庆快乐,,
1779386715,300308,2026-09-30 18:35:58,AI越算越猛，钱都花在哪了？一文读懂创业板人工智能指数与创业板人工智能ETF华宝（159363）,,
1779395261,300308,2026-09-30 19:54:41,磷化铟（InP）深度研报260926,,
1779407181,300308,2026-09-30 21:38:31,一文读懂创业板人工智能：从算力底座到AI应用，创业板人工智能ETF华宝（159363）跟踪的是什么？,,
1779411296,688256,2026-09-30 22:09:30,喏，这就是科技标杆企业,,
1779413831,300308,2026-09-30 22:30:54,新易盛跌超8%：别急着下结论新易盛当日下跌-8.11%，收在399.7。你会先看,,
1779413968,300308,2026-09-30 22:32:07,新易盛回调，别只看单日跌幅你最近一次“把噪音当信号”是什么时候？今天看新易盛，第,,
1779417513,688256,2026-09-30 23:11:16,兄弟们，我尾盘进去了，下周开始我们要吃几个跌停才能出来,,
1779419916,300308,2026-09-30 23:43:14,AI回答一句话，背后要动用多少台服务器？一文读懂人工智能产业链与创业板人工智能ETF华宝（159363）,,
