ann_id,entry_date,entry_price,excess_1,excess_10,excess_15,excess_2,excess_20,excess_3,excess_5,net_1,net_10,net_15,net_2,net_20,net_3,net_5,spike,status,strategy,title,trigger
,2025-10-23,1409.0,6.334,2.428,-4.506,5.528,-5.95,2.359,-2.046,8.125,4.933,-1.811,8.527,-6.251,4.833,0.82,SPK-688256-20251022,filled,S0,,2025-10-22
,,,,,,,,,,,,,,,,,SPK-688256-20251022,no_signal,S1,,no bullish filing in window
,2026-01-09,1419.99,4.878,-5.587,-11.023,-1.682,-25.311,0.906,0.059,6.231,-6.083,-11.439,-0.939,-27.054,1.244,0.184,SPK-688256-20260108,filled,S0,,2026-01-08
,,,,,,,,,,,,,,,,,SPK-688256-20260108,no_signal,S1,,no bullish filing in window
,2026-02-27,1145.02,3.343,-3.751,-7.782,-0.244,-6.497,-0.504,1.564,3.989,-4.371,-10.576,-1.147,-10.663,-2.54,0.758,SPK-688256-20260226,filled,S0,,2026-02-26
1224988268,2026-03-02,1150.0,-1.038,-5.116,-10.011,-1.288,-8.275,2.174,-0.788,-1.575,-5.318,-15.629,-2.962,-12.314,1.462,-2.188,SPK-688256-20260226,filled,S1,2025年度业绩快报公告,2026-02-28 23:59:59
,2026-04-08,1159.1,2.169,8.985,15.613,1.707,-6.195,2.264,6.086,3.251,15.234,22.099,4.346,3.424,5.115,9.803,SPK-688256-20260407,filled,S0,,2026-04-07
,,,,,,,,,,,,,,,,,SPK-688256-20260407,no_signal,S1,,no bullish filing in window
,2026-04-16,1280.0,3.384,30.278,-5.671,6.222,-0.417,2.234,1.297,4.114,32.682,-0.268,7.564,2.958,3.801,3.255,SPK-688256-20260415,filled,S0,,2026-04-15
,,,,,,,,,,,,,,,,,SPK-688256-20260415,no_signal,S1,,no bullish filing in window
,2026-06-22,1480.0,-4.02,-5.377,-1.047,-1.797,-11.307,0.156,0.486,-4.626,-7.546,-6.178,-1.925,-18.399,1.586,0.033,SPK-688256-20260618,filled,S0,,2026-06-18
,,,,,,,,,,,,,,,,,SPK-688256-20260618,no_signal,S1,,no bullish filing in window
,2026-09-16,1088.0,1.319,,,0.915,,0.158,-0.232,1.55,,,2.207,,2.173,1.283,SPK-688256-20260915,filled,S0,,2026-09-15
,,,,,,,,,,,,,,,,,SPK-688256-20260915,no_signal,S1,,no bullish filing in window
,2025-10-22,66.99,-5.34,10.988,0.674,-1.663,-3.349,5.348,16.649,-4.677,12.108,2.201,0.187,-3.081,8.408,20.403,SPK-601138-20251021,filled,S0,,2025-10-21
1224761584,2025-10-31,77.95,-3.06,-16.14,-17.044,-4.117,-18.534,-2.055,-6.408,-4.104,-17.721,-22.337,-5.899,-22.273,-3.655,-6.912,SPK-601138-20251021,filled,S1,富士康工业互联网股份有限公司2025年第三季度报告,2025-10-30 23:59:59
,2025-10-28,71.18,12.249,-3.646,-6.506,9.082,-16.238,2.174,4.733,13.316,-4.616,-9.263,9.342,-20.651,0.959,3.051,SPK-601138-20251027,filled,S0,,2025-10-27
1224761584,2025-10-31,77.95,-3.06,-16.14,-17.044,-4.117,-18.534,-2.055,-6.408,-4.104,-17.721,-22.337,-5.899,-22.273,-3.655,-6.912,SPK-601138-20251027,filled,S1,富士康工业互联网股份有限公司2025年第三季度报告,2025-10-30 23:59:59
,2026-04-15,59.36,-0.499,9.627,5.943,2.447,13.716,2.748,10.914,-0.288,11.398,10.707,2.49,15.977,3.4,12.458,SPK-601138-20260414,filled,S0,,2026-04-14
,,,,,,,,,,,,,,,,,SPK-601138-20260414,no_signal,S1,,no bullish filing in window
,2026-04-23,66.98,-2.172,-6.792,1.391,1.138,1.538,2.82,-6.138,-3.141,-4.051,2.156,0.202,4.275,1.619,-6.319,SPK-601138-20260422,filled,S0,,2026-04-22
1225231598,2026-04-30,65.9,-5.645,3.169,3.352,-4.462,19.255,-5.234,-5.115,-4.481,3.831,5.984,-2.812,21.197,-4.178,-2.479,SPK-601138-20260422,filled,S1,富士康工业互联网股份有限公司2026年第一季度报告,2026-04-29 23:59:59
,2026-05-14,74.0,-5.462,3.42,8.403,-3.106,-0.167,-4.059,-6.804,-8.804,1.164,5.958,-6.967,-6.238,-7.535,-11.668,SPK-601138-20260513,filled,S0,,2026-05-13
,,,,,,,,,,,,,,,,,SPK-601138-20260513,no_signal,S1,,no bullish filing in window
,2026-06-03,79.95,-1.59,-9.52,-5.884,-5.419,-17.876,-7.795,-7.693,-1.927,-9.316,-3.878,-7.54,-20.092,-12.016,-11.203,SPK-601138-20260602,filled,S0,,2026-06-02
,,,,,,,,,,,,,,,,,SPK-601138-20260602,no_signal,S1,,no bullish filing in window
,2026-06-22,78.08,-4.67,-16.56,-14.25,-1.716,-20.712,-3.005,-10.569,-5.275,-18.728,-19.381,-1.844,-27.804,-1.575,-11.022,SPK-601138-20260618,filled,S0,,2026-06-18
,,,,,,,,,,,,,,,,,SPK-601138-20260618,no_signal,S1,,no bullish filing in window
,2026-08-06,65.55,2.234,-4.791,-2.965,3.595,-2.29,-0.412,-1.605,3.805,-5.419,-2.782,5.33,-3.788,0.497,-0.693,SPK-601138-20260805,filled,S0,,2026-08-05
1225468088,2026-08-13,67.99,-1.762,-4.432,-3.755,-0.358,-2.623,-3.018,-6.18,-2.845,-6.27,-7.241,0.154,-6.197,-2.831,-8.814,SPK-601138-20260805,filled,S1,富士康工业互联网股份有限公司2026年半年度报告摘要,2026-08-12 23:59:59
,2025-10-22,436.09,0.333,8.155,11.125,11.317,11.662,13.531,15.535,0.996,9.274,12.652,13.167,11.93,16.591,19.29,SPK-300308-20251021,filled,S0,,2025-10-21
1224773075,2025-11-03,470.67,1.801,3.392,1.023,1.448,15.492,4.24,2.744,1.412,2.558,-3.047,1.244,14.192,5.462,4.002,SPK-300308-20251021,filled,S1,2025年三季度报告,2025-10-31 23:59:59
,2026-01-16,635.97,-3.969,3.454,-12.358,-6.864,-14.125,-7.439,-6.521,-4.889,1.945,-15.179,-8.11,-16.595,-8.598,-8.11,SPK-300308-20260115,filled,S0,,2026-01-15
,,,,,,,,,,,,,,,,,SPK-300308-20260115,no_signal,S1,,no bullish filing in window
,2026-04-09,682.0,5.993,26.497,20.25,6.273,40.68,10.193,14.783,7.612,31.399,25.612,8.103,49.126,13.231,18.595,SPK-300308-20260408,filled,S0,,2026-04-08
1225111941,2026-04-20,849.0,0.901,-0.418,22.885,2.793,15.703,4.296,-0.083,1.765,3.249,26.85,4.326,16.886,5.547,0.843,SPK-300308-20260408,filled,S1,2026年一季度报告,2026-04-17 23:59:59
,2026-02-02,457.24,-5.949,-19.429,-16.108,-13.308,-13.205,-16.244,-15.722,-6.252,-18.717,-16.501,-12.786,-13.195,-16.326,-14.764,SPK-300502-20260130,filled,S0,,2026-01-30
1224960617,2026-02-02,457.24,-5.949,-19.429,-16.108,-13.308,-13.205,-16.244,-15.722,-6.252,-18.717,-16.501,-12.786,-13.195,-16.326,-14.764,SPK-300502-20260130,filled,S1,2025年度业绩预告,2026-01-30 20:42:11
,2026-03-06,393.22,-2.314,22.379,16.242,-0.21,19.584,-1.895,-0.927,-2.445,21.201,13.669,0.942,15.674,-0.099,0.104,SPK-300502-20260305,filled,S0,,2026-03-05
,,,,,,,,,,,,,,,,,SPK-300502-20260305,no_signal,S1,,no bullish filing in window
,2026-04-13,518.0,-1.583,0.38,2.492,-5.676,12.68,1.028,9.353,0.284,3.756,8.675,-4.157,19.169,3.66,12.437,SPK-300502-20260410,filled,S0,,2026-04-10
,,,,,,,,,,,,,,,,,SPK-300502-20260410,no_signal,S1,,no bullish filing in window
,2026-04-17,550.0,5.292,-8.234,8.553,4.251,4.223,11.614,-3.269,5.893,-5.102,14.249,5.076,6.796,13.108,-2.415,SPK-300502-20260416,filled,S0,,2026-04-16
1225172624,2026-04-27,549.4,-2.258,9.462,2.776,-3.069,27.738,-5.045,-0.137,-2.637,12.357,2.917,-2.357,30.625,-4.396,2.462,SPK-300502-20260416,filled,S1,2025年度董事会工作报告,2026-04-24 23:59:59
,2025-12-10,315.0,-4.752,-2.959,-9.753,-3.983,-10.275,-7.921,-3.402,-5.495,-1.917,-8.8,-4.099,-6.51,-8.667,-3.541,SPK-300476-20251209,filled,S0,,2025-12-09
,,,,,,,,,,,,,,,,,SPK-300476-20251209,no_signal,S1,,no bullish filing in window
,2026-02-26,293.0,4.318,-3.233,-2.128,3.679,-2.759,-1.368,-0.871,3.67,-4.368,-5.463,3.411,-8.324,-3.171,-2.847,SPK-300476-20260225,filled,S0,,2026-02-25
,,,,,,,,,,,,,,,,,SPK-300476-20260225,no_signal,S1,,no bullish filing in window
,2026-04-20,329.0,-0.389,-1.017,3.778,2.55,-0.556,-0.458,-4.551,0.475,2.65,7.743,4.083,0.627,0.794,-3.625,SPK-300476-20260417,filled,S0,,2026-04-17
1225238227,2026-04-30,333.0,-3.391,0.43,15.256,-0.233,2.782,6.541,9.994,-2.227,1.092,17.887,1.416,4.723,7.598,12.63,SPK-300476-20260417,filled,S1,2026年一季度报告,2026-04-29 23:59:59
,2026-05-25,390.0,-0.878,-16.095,-12.14,-3.561,-14.322,-4.71,-11.717,0.654,-19.369,-11.76,-2.844,-13.374,-3.868,-12.311,SPK-300476-20260522,filled,S0,,2026-05-22
,,,,,,,,,,,,,,,,,SPK-300476-20260522,no_signal,S1,,no bullish filing in window
,2026-08-06,228.01,21.198,11.676,15.071,23.576,-1.019,19.377,17.958,22.77,11.047,15.254,25.312,-2.517,20.285,18.87,SPK-300476-20260805,filled,S0,,2026-08-05
,,,,,,,,,,,,,,,,,SPK-300476-20260805,no_signal,S1,,no bullish filing in window
,2026-09-22,251.0,-1.618,,,-4.531,,-10.017,-11.66,-2.769,,,-7.391,,-15.031,-16.305,SPK-300476-20260921,filled,S0,,2026-09-21
,,,,,,,,,,,,,,,,,SPK-300476-20260921,no_signal,S1,,no bullish filing in window
,2026-05-22,83.0,-3.413,-9.754,-16.567,1.257,-26.484,-0.075,-3.548,-1.28,-9.794,-17.429,3.934,-21.487,1.778,-2.027,SPK-601127-20260521,filled,S0,,2026-05-21
,,,,,,,,,,,,,,,,,SPK-601127-20260521,no_signal,S1,,no bullish filing in window
,2025-11-13,48.45,-1.015,3.187,1.443,3.243,4.602,2.648,2.574,-1.352,0.422,-0.65,2.258,2.63,1.021,0.876,SPK-600418-20251112,filled,S0,,2025-11-12
,,,,,,,,,,,,,,,,,SPK-600418-20251112,no_signal,S1,,no bullish filing in window
,2025-12-10,49.5,1.196,-2.508,-1.106,0.043,-1.838,-1.649,-3.77,0.453,-1.465,-0.153,-0.072,1.927,-2.394,-3.909,SPK-600418-20251209,filled,S0,,2025-12-09
1224857664,2025-12-10,49.5,1.196,-2.508,-1.106,0.043,-1.838,-1.649,-3.77,0.453,-1.465,-0.153,-0.072,1.927,-2.394,-3.909,SPK-600418-20251209,filled,S1,江淮汽车2025年11月产、销快报,2025-12-09 23:59:59
,2026-04-28,49.03,-3.088,-8.751,-10.118,-4.655,-27.476,-2.555,-0.305,-1.968,-6.596,-8.267,-3.599,-24.637,-0.032,2.109,SPK-600418-20260427,filled,S0,,2026-04-27
,,,,,,,,,,,,,,,,,SPK-600418-20260427,no_signal,S1,,no bullish filing in window
,2026-09-23,21.97,6.587,,,19.168,,22.801,,4.202,,,14.62,,18.35,,SPK-600418-20260922,filled,S0,,2026-09-22
,,,,,,,,,,,,,,,,,SPK-600418-20260922,no_signal,S1,,no bullish filing in window
,2025-10-15,7.81,0.385,-5.023,-2.241,-0.778,-2.908,-0.794,-2.118,2.017,-0.543,-0.415,-1.438,-0.671,-0.926,-1.055,SPK-601238-20251014,filled,S0,,2025-10-14
,,,,,,,,,,,,,,,,,SPK-601238-20251014,no_signal,S1,,no bullish filing in window
,2025-11-25,9.0,-9.194,-8.773,-9.078,-7.589,-12.497,1.488,-0.019,-8.26,-6.039,-8.593,-6.705,-9.259,2.623,1.735,SPK-601238-20251124,filled,S0,,2025-11-24
,,,,,,,,,,,,,,,,,SPK-601238-20251124,no_signal,S1,,no bullish filing in window
,2026-08-21,5.31,-3.247,-1.977,-2.656,-0.746,-2.596,-1.403,0.267,-3.733,-2.792,-4.298,-1.474,-4.298,-1.286,0.784,SPK-601238-20260820,filled,S0,,2026-08-20
,,,,,,,,,,,,,,,,,SPK-601238-20260820,no_signal,S1,,no bullish filing in window
,2026-04-13,38.8,0.838,-1.857,-8.039,-1.906,-12.079,-0.289,-0.328,2.704,1.519,-1.855,-0.387,-5.59,2.344,2.756,SPK-002074-20260410,filled,S0,,2026-04-10
,,,,,,,,,,,,,,,,,SPK-002074-20260410,no_signal,S1,,no bullish filing in window
,2026-09-23,27.62,-0.9,,,-1.233,,8.114,,-3.285,,,-5.782,,3.663,,SPK-002074-20260922,filled,S0,,2026-09-22
,,,,,,,,,,,,,,,,,SPK-002074-20260922,no_signal,S1,,no bullish filing in window
,2026-09-29,27.5,6.593,,,,,,,7.096,,,,,,,SPK-002074-20260928,filled,S0,,2026-09-28
,,,,,,,,,,,,,,,,,SPK-002074-20260928,no_signal,S1,,no bullish filing in window
,2025-10-15,35.29,-1.826,-0.596,0.415,-1.318,-4.782,-1.194,-0.238,-0.194,3.885,2.242,-1.978,-2.544,-1.327,0.826,SPK-600150-20251014,filled,S0,,2025-10-14
1224721680,2025-10-22,36.0,-2.38,-0.894,-5.993,-2.818,-3.291,-1.723,-1.919,-1.718,0.226,-4.466,-0.968,-3.023,1.336,1.836,SPK-600150-20251014,filled,S1,中国船舶2025年前三季度主要财务数据自愿性披露公告,2025-10-21 23:59:59
,2026-04-24,38.6,-0.657,3.278,-1.578,7.145,-4.543,5.638,4.291,-0.674,8.027,0.077,6.862,-1.683,6.447,6.499,SPK-600150-20260423,filled,S0,,2026-04-23
1225150259,2026-04-24,38.6,-0.657,3.278,-1.578,7.145,-4.543,5.638,4.291,-0.674,8.027,0.077,6.862,-1.683,6.447,6.499,SPK-600150-20260423,filled,S1,中国船舶工业股份有限公司关于公司下属子公司签订重大合同的公告,2026-04-23 23:59:59
,2026-09-07,37.74,3.565,9.122,7.895,4.453,,8.399,5.022,3.364,8.502,3.02,4.556,,7.972,3.099,SPK-600150-20260904,filled,S0,,2026-09-04
,,,,,,,,,,,,,,,,,SPK-600150-20260904,no_signal,S1,,no bullish filing in window
1224635298,2025-09-04,147.35,-0.676,-3.829,-2.202,-3.111,10.176,-4.559,-7.465,-0.696,-3.003,0.762,-2.969,13.663,-5.119,-5.519,,filled,S2,2025年8月份产销快报,2025-09-03 23:59:59
1224697773,2025-10-10,165.0,-0.405,-2.733,-5.225,-0.425,-16.108,-1.244,-2.59,-2.233,-3.135,-6.055,-3.426,-16.123,-2.808,-6.122,,filled,S2,2025年9月份产销快报,2025-10-09 23:59:59
1224719401,2025-10-20,1273.11,6.332,3.578,6.189,11.42,1.378,8.716,16.653,7.421,5.666,9.19,12.173,2.252,9.771,20.114,,filled,S2,2025年第三季度报告,2025-10-18 23:59:59
1224721680,2025-10-22,36.0,-2.38,-0.894,-5.993,-2.818,-3.291,-1.723,-1.919,-1.718,0.226,-4.466,-0.968,-3.023,1.336,1.836,,filled,S2,中国船舶2025年前三季度主要财务数据自愿性披露公告,2025-10-21 23:59:59
1224747048,2025-10-29,343.06,-4.503,-14.821,-16.904,-13.108,-15.442,-12.17,-11.544,-4.314,-15.994,-19.303,-14.392,-19.343,-13.183,-13.113,,filled,S2,2025年三季度报告,2025-10-28 23:59:59
1224755124,2025-10-30,36.67,-0.274,-5.114,-2.737,0.901,-2.427,1.143,-1.252,-2.287,-5.83,-6.348,-0.843,-7.084,-1.333,-2.151,,filled,S2,中国船舶工业股份有限公司2025年第三季度报告,2025-10-29 23:59:59
1224761584,2025-10-31,77.95,-3.06,-16.14,-17.044,-4.117,-18.534,-2.055,-6.408,-4.104,-17.721,-22.337,-5.899,-22.273,-3.655,-6.912,,filled,S2,富士康工业互联网股份有限公司2025年第三季度报告,2025-10-30 23:59:59
1224761867,2025-10-31,371.84,-5.798,-14.983,-14.115,-4.716,-2.823,-5.419,-5.523,-6.842,-16.564,-19.407,-6.498,-6.562,-7.019,-6.027,,filled,S2,2025年三季度报告,2025-10-30 23:59:59
1224773075,2025-11-03,470.67,1.801,3.392,1.023,1.448,15.492,4.24,2.744,1.412,2.558,-3.047,1.244,14.192,5.462,4.002,,filled,S2,2025年三季度报告,2025-10-31 23:59:59
1224781913,2025-11-04,152.8,-4.071,-12.39,-14.981,-8.044,-13.707,-10.059,-12.58,-4.546,-14.135,-18.4,-7.097,-15.751,-9.426,-12.52,,filled,S2,2025年10月份产销快报,2025-11-03 23:59:59
1224792353,2025-11-10,46.99,-1.157,9.004,8.327,4.507,4.384,3.564,7.357,-1.924,3.883,5.946,3.607,2.968,3.862,5.436,,filled,S2,江淮汽车2025年10月产、销快报,2025-11-08 23:59:59
1224823951,2025-11-26,55.31,8.169,15.394,8.956,8.731,14.327,5.977,10.368,8.73,17.657,10.953,9.543,17.531,7.899,11.278,,filled,S2,富士康工业互联网股份有限公司澄清公告,2025-11-25 23:59:59
1224828871,2025-11-28,60.24,-2.372,0.748,-4.693,0.027,2.525,1.738,-0.377,-0.931,2.287,-3.437,0.977,5.755,2.171,1.242,,filled,S2,富士康工业互联网股份有限公司关于调整回购股份价格上限的公告,2025-11-27 23:59:59
1224841859,2025-12-03,128.46,-1.876,-6.061,-8.69,-2.616,-7.62,-3.845,-4.075,-2.052,-5.506,-6.946,-1.958,-5.965,-2.371,-3.258,,filled,S2,2025年11月份产销快报,2025-12-02 23:59:59
1224857664,2025-12-10,49.5,1.196,-2.508,-1.106,0.043,-1.838,-1.649,-3.77,0.453,-1.465,-0.153,-0.072,1.927,-2.394,-3.909,,filled,S2,江淮汽车2025年11月产、销快报,2025-12-09 23:59:59
1224860263,2025-12-10,34.33,-0.154,-4.035,-4.265,-0.431,0.23,-0.966,-4.076,-0.896,-2.993,-3.313,-0.547,3.995,-1.712,-4.215,,filled,S2,中国船舶工业股份有限公司关于公司下属子公司重大合同的公告,2025-12-09 23:59:59
1224919621,2026-01-07,125.33,1.08,-4.222,-12.02,0.174,-10.078,-1.022,-1.88,-0.156,-5.762,-13.665,-0.618,-12.126,-1.169,-3.027,,filled,S2,2025年12月份产销快报,2026-01-06 23:59:59
1224925226,2026-01-12,50.06,-3.705,2.141,8.071,-3.943,7.278,-4.741,3.601,-3.886,0.826,4.64,-4.524,6.217,-5.123,2.863,,filled,S2,江淮汽车2025年12月产、销快报,2026-01-09 23:59:59
1224938441,2026-01-19,270.02,-3.227,1.459,0.422,-1.099,-0.711,1.626,-1.494,-3.255,-0.961,0.398,-1.038,-0.979,1.7,-1.775,,filled,S2,2025年度业绩预告,2026-01-16 18:58:12
1224936352,2026-01-19,8.29,-1.089,-3.761,-3.987,-1.54,-3.984,-1.191,-1.198,-1.117,-6.181,-4.011,-1.479,-4.252,-1.117,-1.479,,filled,S2,广汽集团关于收到产业四化赋能发展资金的公告,2026-01-16 23:59:59
1224953921,2026-01-30,57.0,-0.063,-2.846,-2.923,-1.086,-5.331,-6.006,-3.104,-2.542,-4.173,-2.805,-2.419,-7.61,-6.522,-4.786,,filled,S2,富士康工业互联网股份有限公司2025年度业绩预增公告,2026-01-29 23:59:59
1224960617,2026-02-02,457.24,-5.949,-19.429,-16.108,-13.308,-13.205,-16.244,-15.722,-6.252,-18.717,-16.501,-12.786,-13.195,-16.326,-14.764,,filled,S2,2025年度业绩预告,2026-01-30 20:42:11
1224956973,2026-02-02,33.7,2.831,9.824,11.671,3.459,9.577,2.729,-0.002,2.528,10.536,11.277,3.981,9.587,2.647,0.956,,filled,S2,中国船舶工业股份有限公司2025年年度业绩预增公告,2026-01-30 23:59:59
1224959389,2026-02-02,1249.0,-9.479,-15.01,-8.985,-15.105,-8.265,-15.274,-14.037,-9.782,-14.299,-9.378,-14.583,-8.254,-15.356,-13.079,,filled,S2,2025年年度业绩预告,2026-01-31 23:59:59
1224960577,2026-02-02,635.01,-6.929,-13.561,-10.914,-12.428,-13.961,-11.51,-11.921,-7.232,-12.85,-11.307,-11.905,-13.951,-11.592,-10.963,,filled,S2,2025年度业绩预告,2026-01-31 23:59:59
1224961003,2026-02-03,105.02,3.786,1.891,-2.504,3.451,-4.686,3.819,3.301,4.868,3.774,-3.488,3.926,-3.478,3.717,4.935,,filled,S2,2026年1月份产销快报,2026-02-02 23:59:59
1224961005,2026-02-03,7.87,-0.225,0.753,-1.206,0.638,-1.239,0.707,-1.157,0.858,2.636,-2.19,1.112,-0.031,0.604,0.477,,filled,S2,广汽集团2026年1月产销快报,2026-02-02 23:59:59
1224988268,2026-03-02,1150.0,-1.038,-5.116,-10.011,-1.288,-8.275,2.174,-0.788,-1.575,-5.318,-15.629,-2.962,-12.314,1.462,-2.188,,filled,S2,2025年度业绩快报公告,2026-02-28 23:59:59
1225004420,2026-03-12,53.9,-2.18,-3.204,0.958,-1.842,5.986,-4.454,-4.117,-2.852,-7.952,-3.761,-2.463,4.621,-5.801,-6.616,,filled,S2,富士康工业互联网股份有限公司2025年年度报告,2026-03-11 23:59:59
1225004416,2026-03-12,53.9,-2.18,-3.204,0.958,-1.842,5.986,-4.454,-4.117,-2.852,-7.952,-3.761,-2.463,4.621,-5.801,-6.616,,filled,S2,富士康工业互联网股份有限公司2025年年度报告摘要,2026-03-11 23:59:59
1225004400,2026-03-12,53.9,-2.18,-3.204,0.958,-1.842,5.986,-4.454,-4.117,-2.852,-7.952,-3.761,-2.463,4.621,-5.801,-6.616,,filled,S2,富士康工业互联网股份有限公司关于公司2025年度利润分配方案的公告,2026-03-11 23:59:59
1225007370,2026-03-16,1088.06,-0.162,-3.525,7.635,-1.895,13.347,-2.948,-5.444,-0.843,-7.321,2.739,-2.128,14.034,-4.789,-10.825,,filled,S2,关于2025年度利润分配及资本公积金转增股本方案公告,2026-03-13 23:59:59
1225007365,2026-03-16,1088.06,-0.162,-3.525,7.635,-1.895,13.347,-2.948,-5.444,-0.843,-7.321,2.739,-2.128,14.034,-4.789,-10.825,,filled,S2,2025年年度报告摘要,2026-03-13 23:59:59
1225007364,2026-03-16,1088.06,-0.162,-3.525,7.635,-1.895,13.347,-2.948,-5.444,-0.843,-7.321,2.739,-2.128,14.034,-4.789,-10.825,,filled,S2,关于首次实现盈利暨取消股票简称标识U的公告,2026-03-13 23:59:59
1225007351,2026-03-16,1088.06,-0.162,-3.525,7.635,-1.895,13.347,-2.948,-5.444,-0.843,-7.321,2.739,-2.128,14.034,-4.789,-10.825,,filled,S2,2025年度“提质增效重回报”行动方案年度评估报告暨2026年度“提质增效重回报”行动方案,2026-03-13 23:59:59
1225007336,2026-03-16,1088.06,-0.162,-3.525,7.635,-1.895,13.347,-2.948,-5.444,-0.843,-7.321,2.739,-2.128,14.034,-4.789,-10.825,,filled,S2,2025年年度报告,2026-03-13 23:59:59
1225007466,2026-03-16,278.23,1.214,-3.829,-0.0,4.233,10.621,1.398,-0.759,0.534,-7.626,-4.897,3.999,11.308,-0.443,-6.139,,filled,S2,2025年度利润分配预案的公告,2026-03-13 23:59:59
1225007455,2026-03-16,278.23,1.214,-3.829,-0.0,4.233,10.621,1.398,-0.759,0.534,-7.626,-4.897,3.999,11.308,-0.443,-6.139,,filled,S2,2025年年度报告,2026-03-13 23:59:59
1225056459,2026-04-01,591.0,-0.775,32.004,45.679,4.215,38.536,6.419,16.063,-1.624,36.86,51.635,2.522,44.957,4.722,17.147,,filled,S2,2025年年度报告,2026-03-31 23:59:59
1225052986,2026-04-01,91.79,-2.263,-7.064,-5.366,-4.337,-9.892,-4.083,-4.74,-3.112,-2.208,0.59,-6.03,-3.471,-5.78,-3.656,,filled,S2,关于以集中竞价交易方式回购股份的预案,2026-03-31 23:59:59
1225052606,2026-04-01,31.3,-0.587,-0.48,17.196,-0.988,26.822,3.71,1.728,-1.436,4.376,23.152,-2.681,33.243,2.013,2.811,,filled,S2,中国船舶工业股份有限公司关于公司下属子公司签订重大合同的公告,2026-03-31 23:59:59
1225072021,2026-04-03,89.07,-1.74,-4.931,-4.547,-1.407,-9.103,-2.347,-2.41,-2.902,0.958,1.642,0.879,-0.03,-0.714,1.003,,filled,S2,2026年3月份产销快报,2026-04-02 23:59:59
1225111941,2026-04-20,849.0,0.901,-0.418,22.885,2.793,15.703,4.296,-0.083,1.765,3.249,26.85,4.326,16.886,5.547,0.843,,filled,S2,2026年一季度报告,2026-04-17 23:59:59
1225157664,2026-04-24,92.48,-2.089,-10.334,-16.859,-3.692,-11.514,-3.163,-7.134,-2.105,-5.586,-15.204,-3.975,-8.655,-2.354,-4.926,,filled,S2,关于子公司增资扩股的公告,2026-04-23 23:59:59
1225157663,2026-04-24,92.48,-2.089,-10.334,-16.859,-3.692,-11.514,-3.163,-7.134,-2.105,-5.586,-15.204,-3.975,-8.655,-2.354,-4.926,,filled,S2,关于以集中竞价方式回购股份的回购报告书,2026-04-23 23:59:59
1225150259,2026-04-24,38.6,-0.657,3.278,-1.578,7.145,-4.543,5.638,4.291,-0.674,8.027,0.077,6.862,-1.683,6.447,6.499,,filled,S2,中国船舶工业股份有限公司关于公司下属子公司签订重大合同的公告,2026-04-23 23:59:59
1225172624,2026-04-27,549.4,-2.258,9.462,2.776,-3.069,27.738,-5.045,-0.137,-2.637,12.357,2.917,-2.357,30.625,-4.396,2.462,,filled,S2,2025年度董事会工作报告,2026-04-24 23:59:59
1225172615,2026-04-27,549.4,-2.258,9.462,2.776,-3.069,27.738,-5.045,-0.137,-2.637,12.357,2.917,-2.357,30.625,-4.396,2.462,,filled,S2,关于“质量回报双提升”行动方案的进展公告,2026-04-24 23:59:59
1225172606,2026-04-27,549.4,-2.258,9.462,2.776,-3.069,27.738,-5.045,-0.137,-2.637,12.357,2.917,-2.357,30.625,-4.396,2.462,,filled,S2,2026年一季度报告,2026-04-24 23:59:59
1225172598,2026-04-27,549.4,-2.258,9.462,2.776,-3.069,27.738,-5.045,-0.137,-2.637,12.357,2.917,-2.357,30.625,-4.396,2.462,,filled,S2,2025年年度报告,2026-04-24 23:59:59
1225165895,2026-04-27,39.67,-1.386,-10.556,-12.439,-5.728,-16.393,-8.209,-6.607,-1.765,-7.661,-12.297,-5.016,-13.506,-7.56,-4.008,,filled,S2,关于公司放弃优先认购权暨控股子公司增资扩股引入战略投资者的公告,2026-04-24 23:59:59
1225231598,2026-04-30,65.9,-5.645,3.169,3.352,-4.462,19.255,-5.234,-5.115,-4.481,3.831,5.984,-2.812,21.197,-4.178,-2.479,,filled,S2,富士康工业互联网股份有限公司2026年第一季度报告,2026-04-29 23:59:59
1225238227,2026-04-30,333.0,-3.391,0.43,15.256,-0.233,2.782,6.541,9.994,-2.227,1.092,17.887,1.416,4.723,7.598,12.63,,filled,S2,2026年一季度报告,2026-04-29 23:59:59
1225241970,2026-04-30,37.5,1.476,-5.698,-11.453,-0.103,-16.333,-1.962,-5.007,2.64,-5.036,-8.821,1.547,-14.391,-0.905,-2.371,,filled,S2,2025年度董事会工作报告,2026-04-29 23:59:59
1225241960,2026-04-30,37.5,1.476,-5.698,-11.453,-0.103,-16.333,-1.962,-5.007,2.64,-5.036,-8.821,1.547,-14.391,-0.905,-2.371,,filled,S2,关于“质量回报双提升”行动方案的进展公告,2026-04-29 23:59:59
1225241935,2026-04-30,37.5,1.476,-5.698,-11.453,-0.103,-16.333,-1.962,-5.007,2.64,-5.036,-8.821,1.547,-14.391,-0.905,-2.371,,filled,S2,2025年年度报告摘要,2026-04-29 23:59:59
1225264337,2026-05-06,1784.78,3.675,-23.606,-26.044,-34.114,-24.541,-34.781,-29.194,4.557,-23.749,-25.004,-33.82,-22.871,-32.842,-26.298,,filled,S2,2026年第一季度报告,2026-04-30 23:59:59
1225261225,2026-05-06,41.02,-2.055,-5.684,-8.524,-0.151,-13.272,-1.723,-1.243,-1.173,-5.827,-7.484,0.143,-11.602,0.216,1.654,,filled,S2,中国船舶工业股份有限公司2025年年度报告摘要,2026-04-30 23:59:59
1225261182,2026-05-06,41.02,-2.055,-5.684,-8.524,-0.151,-13.272,-1.723,-1.243,-1.173,-5.827,-7.484,0.143,-11.602,0.216,1.654,,filled,S2,中国船舶工业股份有限公司2025年度“提质增效重回报”行动方案评估报告暨2026年度“提质增效重回报”行动方案,2026-04-30 23:59:59
1225261166,2026-05-06,41.02,-2.055,-5.684,-8.524,-0.151,-13.272,-1.723,-1.243,-1.173,-5.827,-7.484,0.143,-11.602,0.216,1.654,,filled,S2,中国船舶工业股份有限公司2026年第一季度报告,2026-04-30 23:59:59
1225261150,2026-05-06,41.02,-2.055,-5.684,-8.524,-0.151,-13.272,-1.723,-1.243,-1.173,-5.827,-7.484,0.143,-11.602,0.216,1.654,,filled,S2,中国船舶工业股份有限公司2025年年度报告,2026-04-30 23:59:59
1225261063,2026-05-06,41.02,-2.055,-5.684,-8.524,-0.151,-13.272,-1.723,-1.243,-1.173,-5.827,-7.484,0.143,-11.602,0.216,1.654,,filled,S2,中国船舶工业股份有限公司2025年度利润分配方案及2026年中期分红安排公告,2026-04-30 23:59:59
1225348785,2026-06-05,6.15,-0.182,-14.251,-17.711,-2.637,-12.885,-3.01,-2.298,-3.729,-10.717,-16.893,-4.379,-13.805,-5.842,-4.542,,filled,S2,广汽集团2026年5月产销快报,2026-06-04 23:59:59
1225361276,2026-06-11,32.0,-2.686,-19.1,-20.673,-2.855,-24.123,-0.011,-8.564,-1.687,-16.179,-18.303,0.562,-23.051,3.248,-4.092,,filled,S2,江淮汽车关于以集中竞价交易方式回购股份的预案,2026-06-10 23:59:59
1225408055,2026-07-06,27.58,-2.629,3.276,2.551,-4.991,8.576,-6.711,-7.271,-4.195,-2.275,-0.861,-7.312,1.893,-6.551,-10.827,,filled,S2,关于全资子公司出售股票资产情况的公告,2026-07-04 23:59:59
1225414208,2026-07-09,22.23,10.672,-5.757,14.253,3.289,11.496,0.587,4.754,10.806,-6.729,9.547,1.634,8.918,1.049,3.163,,filled,S2,江淮汽车关于以集中竞价交易方式首次回购公司股份的公告,2026-07-08 23:59:59
1225417297,2026-07-13,65.3,-0.822,-5.039,-10.331,-3.648,6.648,-2.704,-10.574,0.254,-5.945,-14.593,-2.777,5.734,-3.695,-13.675,,filled,S2,富士康工业互联网股份有限公司2026年半年度业绩预增公告,2026-07-10 23:59:59
1225422076,2026-07-14,276.29,-1.968,-21.419,-25.12,-2.196,-0.156,-9.23,-14.155,0.072,-24.012,-27.042,-2.041,-0.738,-12.684,-13.129,,filled,S2,关于市场传闻的澄清公告,2026-07-13 19:18:08
1225422588,2026-07-15,53.92,6.378,11.446,11.815,6.07,5.534,7.056,5.263,4.304,7.325,8.901,0.467,3.303,2.895,3.581,,filled,S2,关于控股股东增持计划的公告,2026-07-14 23:59:59
1225420864,2026-07-15,33.55,0.234,7.434,7.628,1.798,3.042,2.351,-0.098,-1.84,3.314,4.714,-3.806,0.812,-1.81,-1.78,,filled,S2,中国船舶工业股份有限公司2026年半年度业绩预增公告,2026-07-14 23:59:59
1225423813,2026-07-16,55.89,0.798,13.146,3.229,1.671,-2.1,-1.498,0.296,-3.074,9.712,1.951,-0.732,-3.11,-0.911,0.645,,filled,S2,关于公司董事、高级管理人及骨干团队增持A股及H股股份计划公告,2026-07-15 23:59:59
1225434276,2026-07-21,229.0,3.007,-11.325,19.054,2.133,15.476,-0.057,-6.99,4.872,-11.971,19.765,4.231,17.527,0.339,-8.314,,filled,S2,2026年第一期A股员工持股计划（草案）,2026-07-20 21:05:39
1225431444,2026-07-21,519.0,-3.931,-13.126,-20.779,-6.378,-15.012,-8.773,-20.36,-2.066,-13.772,-20.068,-4.28,-12.961,-8.377,-21.685,,filled,S2,2026年半年度业绩预告,2026-07-20 23:59:59
1225431472,2026-07-21,56.4,-2.839,4.351,-3.05,-2.363,-10.361,-4.294,0.262,-0.974,3.705,-2.338,-0.265,-8.31,-3.898,-1.062,,filled,S2,关于公司董事、高级管理人员及骨干团队增持A股及H股股份结果公告,2026-07-20 23:59:59
1225442540,2026-07-29,58.08,-6.883,10.342,6.085,-2.732,3.871,-3.126,11.608,-7.59,12.717,6.229,-2.599,4.061,-3.976,13.268,,filled,S2,富士康工业互联网股份有限公司关于以集中竞价交易方式回购股份的回购报告书,2026-07-28 23:59:59
1225445747,2026-07-30,1115.0,-1.394,-3.098,-10.018,-7.398,-7.513,-4.163,2.794,-0.909,-0.953,-9.433,-7.899,-6.106,-3.399,4.661,,filled,S2,2026年限制性股票激励计划实施考核管理办法,2026-07-29 23:59:59
1225445769,2026-07-30,919.01,-2.436,-2.025,-2.297,-1.396,-7.259,10.331,1.944,-1.95,0.119,-1.712,-1.897,-5.853,11.095,3.811,,filled,S2,关于收到董事长提议回购公司股份的公告,2026-07-29 23:59:59
1225449025,2026-08-03,61.5,-5.753,-17.731,-19.339,-6.633,-20.941,-9.311,-12.178,-4.895,-13.801,-19.311,-4.521,-19.554,-7.349,-9.104,,filled,S2,关于子公司增资扩股的进展公告,2026-07-31 23:59:59
1225464972,2026-08-10,1163.0,-5.574,-13.878,-2.899,-4.885,-3.535,-4.3,-1.603,-6.319,-16.766,-4.468,-5.053,-6.17,-5.042,-0.703,,filled,S2,2026年度“提质增效重回报”行动方案的半年度评估报告,2026-08-08 23:59:59
1225464971,2026-08-10,1163.0,-5.574,-13.878,-2.899,-4.885,-3.535,-4.3,-1.603,-6.319,-16.766,-4.468,-5.053,-6.17,-5.042,-0.703,,filled,S2,2026年半年度报告摘要,2026-08-08 23:59:59
1225464969,2026-08-10,1163.0,-5.574,-13.878,-2.899,-4.885,-3.535,-4.3,-1.603,-6.319,-16.766,-4.468,-5.053,-6.17,-5.042,-0.703,,filled,S2,2026年半年度报告,2026-08-08 23:59:59
1225463671,2026-08-10,23.99,0.714,-13.392,-11.169,6.303,-11.562,3.169,-6.972,-0.031,-16.28,-12.738,6.135,-14.197,2.427,-6.072,,filled,S2,江淮汽车2026年7月产、销快报,2026-08-08 23:59:59
1225468088,2026-08-13,67.99,-1.762,-4.432,-3.755,-0.358,-2.623,-3.018,-6.18,-2.845,-6.27,-7.241,0.154,-6.197,-2.831,-8.814,,filled,S2,富士康工业互联网股份有限公司2026年半年度报告摘要,2026-08-12 23:59:59
1225468066,2026-08-13,67.99,-1.762,-4.432,-3.755,-0.358,-2.623,-3.018,-6.18,-2.845,-6.27,-7.241,0.154,-6.197,-2.831,-8.814,,filled,S2,富士康工业互联网股份有限公司2026年半年度报告,2026-08-12 23:59:59
1225486595,2026-08-24,445.01,-8.522,-5.353,-6.734,-9.83,4.291,-8.367,-9.878,-10.013,-6.347,-9.782,-10.483,2.53,-8.165,-9.789,,filled,S2,2026年限制性股票激励计划实施考核管理办法,2026-08-21 23:59:59
1225491753,2026-08-24,945.0,-9.079,-4.029,-4.667,-9.4,1.236,-8.645,-10.036,-10.57,-5.023,-7.715,-10.052,-0.525,-8.443,-9.946,,filled,S2,2026年半年度报告,2026-08-22 23:59:59
1225491752,2026-08-24,945.0,-9.079,-4.029,-4.667,-9.4,1.236,-8.645,-10.036,-10.57,-5.023,-7.715,-10.052,-0.525,-8.443,-9.946,,filled,S2,2026年半年度报告摘要,2026-08-22 23:59:59
1225491751,2026-08-24,945.0,-9.079,-4.029,-4.667,-9.4,1.236,-8.645,-10.036,-10.57,-5.023,-7.715,-10.052,-0.525,-8.443,-9.946,,filled,S2,关于2026年半年度利润分配方案的公告,2026-08-22 23:59:59
1225499406,2026-08-26,402.36,-0.205,2.478,6.715,-2.25,12.734,-1.887,-3.959,1.572,2.987,5.195,-0.936,12.027,-0.224,-3.991,,filled,S2,2026年半年度报告,2026-08-25 23:59:59
1225499405,2026-08-26,402.36,-0.205,2.478,6.715,-2.25,12.734,-1.887,-3.959,1.572,2.987,5.195,-0.936,12.027,-0.224,-3.991,,filled,S2,2026年半年度报告摘要,2026-08-25 23:59:59
1225495933,2026-08-26,26.88,1.059,-4.552,-1.407,-0.151,2.018,-2.471,-3.304,2.836,-4.043,-2.928,1.163,1.311,-0.808,-3.337,,filled,S2,2026年半年度报告摘要,2026-08-25 23:59:59
1225522514,2026-08-31,232.0,-0.764,-1.322,7.281,-2.732,-1.914,-3.987,0.241,0.32,-3.117,6.789,-3.039,-6.666,-4.194,0.527,,filled,S2,2026年半年度报告摘要,2026-08-28 23:59:59
1225526659,2026-08-31,34.8,-2.342,13.605,18.16,-2.387,16.475,-1.368,9.801,-1.258,11.81,17.669,-2.694,11.724,-1.574,10.086,,filled,S2,中国船舶工业股份有限公司关于公司下属子公司签订重大合同的公告,2026-08-29 23:59:59
1225534994,2026-09-01,33.99,1.157,15.715,19.432,2.204,20.48,11.564,16.067,-0.376,12.063,17.826,0.771,14.827,10.034,14.768,,filled,S2,中国船舶工业股份有限公司2026年半年度报告,2026-08-31 23:59:59
1225534667,2026-09-01,33.99,1.157,15.715,19.432,2.204,20.48,11.564,16.067,-0.376,12.063,17.826,0.771,14.827,10.034,14.768,,filled,S2,中国船舶工业股份有限公司2026年半年度报告摘要,2026-08-31 23:59:59
1225542045,2026-09-02,840.01,-2.683,10.172,11.113,-2.466,,6.993,8.287,-3.315,7.962,9.711,-3.196,,6.851,8.093,,filled,S2,回购报告书,2026-09-01 18:38:08
1225542046,2026-09-02,840.01,-2.683,10.172,11.113,-2.466,,6.993,8.287,-3.315,7.962,9.711,-3.196,,6.851,8.093,,filled,S2,关于首次回购公司股份的公告,2026-09-01 18:38:10
1225538120,2026-09-02,840.01,-2.683,10.172,11.113,-2.466,,6.993,8.287,-3.315,7.962,9.711,-3.196,,6.851,8.093,,filled,S2,关于回购公司股份方案的公告,2026-09-01 23:59:59
1225544786,2026-09-04,34.5,11.05,15.686,15.301,13.434,,14.435,16.437,11.044,14.201,10.175,13.072,,14.375,15.013,,filled,S2,中国船舶工业股份有限公司关于控股子公司涉及仲裁结果的公告,2026-09-03 23:59:59
1225544785,2026-09-04,34.5,11.05,15.686,15.301,13.434,,14.435,16.437,11.044,14.201,10.175,13.072,,14.375,15.013,,filled,S2,中国船舶工业股份有限公司关于公司下属子公司签订重大合同的公告,2026-09-03 23:59:59
1225564444,2026-09-16,,,,,,,,,,,,,,,,,suspended,S2,广汽集团关于筹划重大资产重组事项的停牌公告,2026-09-15 23:59:59
